-- phpMyAdmin SQL Dump
-- version 3.5.1
-- http://www.phpmyadmin.net
--
-- Host: 127.0.0.1
-- Generation Time: Sep 27, 2014 at 06:05 PM
-- Server version: 5.5.25
-- PHP Version: 5.3.13

SET SQL_MODE="NO_AUTO_VALUE_ON_ZERO";
SET time_zone = "+00:00";


/*!40101 SET @OLD_CHARACTER_SET_CLIENT=@@CHARACTER_SET_CLIENT */;
/*!40101 SET @OLD_CHARACTER_SET_RESULTS=@@CHARACTER_SET_RESULTS */;
/*!40101 SET @OLD_COLLATION_CONNECTION=@@COLLATION_CONNECTION */;
/*!40101 SET NAMES utf8 */;

--
-- Database: `user346_vg`
--

-- --------------------------------------------------------

--
-- Table structure for table `agenсies`
--

CREATE TABLE IF NOT EXISTS `agenсies` (
  `id` int(11) NOT NULL AUTO_INCREMENT,
  `name` text NOT NULL,
  `agentname` text NOT NULL,
  `phone` text NOT NULL,
  `isactive` int(11) NOT NULL,
  PRIMARY KEY (`id`),
  UNIQUE KEY `id` (`id`)
) ENGINE=InnoDB  DEFAULT CHARSET=utf8 AUTO_INCREMENT=8 ;

--
-- Dumping data for table `agenсies`
--

INSERT INTO `agenсies` (`id`, `name`, `agentname`, `phone`, `isactive`) VALUES
(1, 'Студия без паники', 'Полина', '', 1),
(2, 'Совершенство', 'Максим Данилов', '', 1),
(3, 'Агенство Праздник', '', '', 1),
(4, 'Агенство Вера Кудряшова', '', '', 1),
(5, 'Агенство О-банкет', '', '', 1),
(6, 'Агенство Ресто', '', '', 1),
(7, 'Агенство Мон Амур', '', '', 1);

-- --------------------------------------------------------

--
-- Table structure for table `clients`
--

CREATE TABLE IF NOT EXISTS `clients` (
  `id` int(10) unsigned NOT NULL AUTO_INCREMENT,
  `name` tinytext NOT NULL,
  `phone` tinytext NOT NULL,
  `email` tinytext NOT NULL,
  `otkuda` tinytext NOT NULL,
  `agencyname` tinytext NOT NULL,
  PRIMARY KEY (`id`)
) ENGINE=InnoDB DEFAULT CHARSET=utf8 AUTO_INCREMENT=1 ;

-- --------------------------------------------------------

--
-- Table structure for table `client_from`
--

CREATE TABLE IF NOT EXISTS `client_from` (
  `id` int(11) NOT NULL AUTO_INCREMENT,
  `name` text NOT NULL,
  PRIMARY KEY (`id`),
  UNIQUE KEY `id` (`id`)
) ENGINE=InnoDB  DEFAULT CHARSET=utf8 AUTO_INCREMENT=7 ;

--
-- Dumping data for table `client_from`
--

INSERT INTO `client_from` (`id`, `name`) VALUES
(1, 'От Агентства'),
(2, 'С сайта'),
(3, 'Проходил мимо'),
(4, 'По рекомендации '),
(5, 'От Администрации'),
(6, 'По рекламе');

-- --------------------------------------------------------

--
-- Table structure for table `dishes`
--

CREATE TABLE IF NOT EXISTS `dishes` (
  `id` int(11) NOT NULL AUTO_INCREMENT,
  `title` text NOT NULL,
  `description` text NOT NULL,
  `price` float(7,2) NOT NULL,
  `weight` int(11) NOT NULL,
  `isdrink` int(11) NOT NULL,
  `isbasic` int(11) NOT NULL,
  `menu_section` int(11) NOT NULL,
  `createdate` datetime NOT NULL,
  `orderby` int(11) NOT NULL,
  PRIMARY KEY (`id`),
  UNIQUE KEY `id` (`id`)
) ENGINE=InnoDB  DEFAULT CHARSET=utf8 AUTO_INCREMENT=410 ;

--
-- Dumping data for table `dishes`
--

INSERT INTO `dishes` (`id`, `title`, `description`, `price`, `weight`, `isdrink`, `isbasic`, `menu_section`, `createdate`, `orderby`) VALUES
(1, 'Судак фаршированный муссом из семги, судака и креветок с красной икрой', ' (2,2-2,5 кг)', 7000.00, 2350, 0, 0, 1, '2014-09-27 17:50:04', 1),
(2, 'Сёмга запеченая целиком', ' (3,5-4,0 кг)', 7500.00, 3750, 0, 0, 1, '2014-09-27 17:50:04', 1),
(3, 'Стерлядь запеченая', '', 6500.00, 1300, 0, 0, 1, '2014-09-27 17:50:04', 1),
(4, 'Осетрина целиком', ' (3-3,5 кг)', 32000.00, 3250, 0, 0, 1, '2014-09-27 17:50:04', 1),
(5, 'Поросёнок, жареный целиком "по-боярски" ', 'фаршированный вырезкой, курагой и черносливом (4,5-5 кг)', 24000.00, 4750, 0, 0, 1, '2014-09-27 17:50:04', 1),
(6, 'Поросенок жареный целиком ', ' (3-3,5 кг)', 17000.00, 3250, 0, 0, 1, '2014-09-27 17:50:04', 1),
(7, 'Нога телячья, запеченая целиком', ' (4,0-4,5 кг)', 19000.00, 4250, 0, 0, 1, '2014-09-27 17:50:04', 1),
(8, 'Нога ягненка запеченая целиком', ' (2-2,3 кг)', 7500.00, 2150, 0, 0, 1, '2014-09-27 17:50:04', 1),
(9, 'Индейка, запеченная с фруктами (малая)', ' (2,2-2,5 кг)', 6500.00, 2350, 0, 0, 1, '2014-09-27 17:50:04', 1),
(10, 'Индейка, запеченная с фруктами (большая)', ' (3,2-3,5 кг)', 9800.00, 3350, 0, 0, 1, '2014-09-27 17:50:04', 1),
(11, 'Курица запеченая, фаршированная потрахами ', ' (1,0-1,2 кг)', 3500.00, 1100, 0, 0, 1, '2014-09-27 17:50:04', 1),
(12, 'Цесарка, запеченая с прованскими травами', ' (0,6-0,8 кг)', 3800.00, 700, 0, 0, 1, '2014-09-27 17:50:04', 1),
(13, 'Утка запеченая', 'подается с карамелизированным яблоком (1,3-1,5 кг)', 5500.00, 1400, 0, 0, 1, '2014-09-27 17:50:04', 1),
(14, 'Кулебяка с капустой, семгой, яйцом и блинами (по-русски)', '', 3000.00, 2000, 0, 0, 1, '2014-09-27 17:50:04', 1),
(15, 'Икра кетовая ', 'подаётся со сливочным маслом (50/25)', 510.00, 75, 0, 0, 2, '2014-09-27 17:50:04', 1),
(16, 'Осетрина заливная ', '', 610.00, 150, 0, 0, 2, '2014-09-27 17:50:04', 1),
(17, 'Севрюга горячего копчения, оливки, лимон', '', 1100.00, 100, 0, 0, 2, '2014-09-27 17:50:04', 1),
(18, 'Балык из белуги, оливки, лимон', '', 1300.00, 100, 0, 0, 2, '2014-09-27 17:50:04', 1),
(19, 'Сёмга слабой соли', '', 440.00, 100, 0, 0, 2, '2014-09-27 17:50:04', 1),
(20, 'Масляная рыба холодного копчения', '', 430.00, 100, 0, 0, 2, '2014-09-27 17:50:04', 1),
(21, 'Рыбная тарелка', 'Осетрина горячего копчения, семга слабосоленая, масляная рыба, лимон, маслины, оливки (100/100/100/50)', 1450.00, 350, 0, 0, 2, '2014-09-27 17:50:04', 1),
(22, 'Сельдь филе с отварным картофелем и красным луком ', ' (100/120)', 450.00, 220, 0, 0, 2, '2014-09-27 17:50:04', 1),
(23, 'Холодец домашний ', '', 300.00, 200, 0, 0, 2, '2014-09-27 17:50:04', 1),
(24, 'Витки из ветчины, фаршированные сыром с чесноком и грецким орехом ', '', 390.00, 150, 0, 0, 2, '2014-09-27 17:50:04', 1),
(25, 'Витки из сыра с ветчиной и грибами', '', 390.00, 150, 0, 0, 2, '2014-09-27 17:50:04', 1),
(26, 'Хамон с чесночными гренками ', 'Сыровяленый окорок, подаётся  с чесночными гренками  (100/100)', 610.00, 200, 0, 0, 2, '2014-09-27 17:50:04', 1),
(27, 'Буженина запечёная домашняя', 'подаётся с хреном и горчицей (100/25/25)', 350.00, 150, 0, 0, 2, '2014-09-27 17:50:04', 1),
(28, 'Язык говяжий заливной ', '', 410.00, 150, 0, 0, 2, '2014-09-27 17:50:04', 1),
(29, 'Язык говяжий отварной', 'подаётся с хреном и горчицей (100/25/25)', 400.00, 150, 0, 0, 2, '2014-09-27 17:50:04', 1),
(30, 'Ростбиф запечёный по-домашнему', 'подаётся с хреном и горчицей (100/25/25)', 430.00, 150, 0, 0, 2, '2014-09-27 17:50:04', 1),
(31, 'Ассорти колбас по домашним рецептам', 'Колбаса свиная с/к, колбаса печеночная, колбаса телячья, бастурма (50/50/50/50)', 1250.00, 200, 0, 0, 2, '2014-09-27 17:50:04', 1),
(32, 'Ассорти мясных деликатесов приготовленных по-домашнему', 'Ростбиф, буженина по-домашнему, язык говяжий, рулет из курицы, рулет из кролика, галантин из утки (50/50/50/50/50/50)', 1500.00, 300, 0, 0, 2, '2014-09-27 17:50:04', 1),
(33, 'Рулет из кролика с черносливом в беконе', '', 510.00, 150, 0, 0, 2, '2014-09-27 17:50:04', 1),
(34, 'Рулет из курицы с курагой и грецким орехом', '', 390.00, 150, 0, 0, 2, '2014-09-27 17:50:04', 1),
(35, 'Галантин из утки с фисташками', '', 450.00, 150, 0, 0, 2, '2014-09-27 17:50:04', 1),
(36, 'Рулетики из баклажан с томатами, грецким орехом и кинзой ', '', 430.00, 200, 0, 0, 2, '2014-09-27 17:50:04', 1),
(37, 'Рулетики из баклажан с курицей и грецким орехом ', '', 450.00, 200, 0, 0, 2, '2014-09-27 17:50:04', 1),
(38, 'Рулетики из баклажан с сыром Фета и зеленью', '', 430.00, 200, 0, 0, 2, '2014-09-27 17:50:04', 1),
(39, 'Бакинские помидоры, фаршированные сыром,шампиньонами и зеленью', '', 450.00, 215, 0, 0, 2, '2014-09-27 17:50:04', 1),
(40, 'Бакинские помидоры, фаршированные с куриным мясом, сыром и зеленью', '', 470.00, 215, 0, 0, 2, '2014-09-27 17:50:04', 1),
(41, 'Овощи натуральные со свежей зеленью', 'Свежие помидоры, огурцы, редис, сладкий болгарский перец и зелень (50/50/30/50/20)', 390.00, 200, 0, 0, 2, '2014-09-27 17:50:04', 1),
(42, 'Соленья "по-домашнему"', 'Огурцы малосольные и солёные, квашенная капуста, малосольные помидоры  (100/100/100/100)', 350.00, 400, 0, 0, 2, '2014-09-27 17:50:04', 1),
(43, 'Белые маринованные грибы " Премиум"', '', 450.00, 100, 0, 0, 2, '2014-09-27 17:50:04', 1),
(44, 'Ассорти из лесных маринованные грибов', '', 410.00, 100, 0, 0, 2, '2014-09-27 17:50:04', 1),
(45, 'Маслины и оливки " Maestro de Oliva" Испания', ' (75/75)', 280.00, 150, 0, 0, 2, '2014-09-27 17:50:04', 1),
(46, 'Сыр Сулугини с бакинскими помидорами и свежей зеленью', ' (60/100/10)', 420.00, 170, 0, 0, 2, '2014-09-27 17:50:04', 1),
(47, 'Блины с красной икрой', ' (150/30)', 480.00, 180, 0, 0, 2, '2014-09-27 17:50:04', 1),
(48, 'Сёмга "под шубой"', '', 480.00, 240, 0, 0, 3, '2014-09-27 17:50:04', 1),
(49, 'Cельдь "под шубой"', '', 460.00, 240, 0, 0, 3, '2014-09-27 17:50:04', 1),
(50, 'Салат "Мимоза"', 'Традиционный рыбный салат', 460.00, 300, 0, 0, 3, '2014-09-27 17:50:04', 1),
(51, 'Салат с тунцом', 'Салат с тунцом, томатами, красной фасолью, микс салатом и красным луком', 390.00, 250, 0, 0, 3, '2014-09-27 17:50:04', 1),
(52, 'Салат "Оливье" с раковыми шейками и красной икрой', '', 480.00, 240, 0, 0, 3, '2014-09-27 17:50:04', 1),
(53, 'Салат "Оливье" с крабовым мясом', '', 650.00, 200, 0, 0, 3, '2014-09-27 17:50:04', 1),
(54, 'Салат "Оливье" с курицей', '', 310.00, 200, 0, 0, 3, '2014-09-27 17:50:04', 1),
(55, 'Салат из камчатских крабов ', 'Салат из мяса камчатских крабов с авокадо и томатами (180/20)', 1200.00, 200, 0, 0, 3, '2014-09-27 17:50:04', 1),
(56, 'Салат “Руккола” с тигровыми креветками ', '', 570.00, 190, 0, 0, 3, '2014-09-27 17:50:04', 1),
(57, 'Салат "Цезарь" с тигровыми креветками', 'Листья салата с классической заправкой', 690.00, 240, 0, 0, 3, '2014-09-27 17:50:04', 1),
(58, 'Салат "Цезарь" с курицей', 'Листья салата с классической заправкой', 510.00, 250, 0, 0, 3, '2014-09-27 17:50:04', 1),
(59, 'Салат из свиной вырезки с овощами, кедровым орехом и жареным беконом', '', 530.00, 250, 0, 0, 3, '2014-09-27 17:50:04', 1),
(60, 'Салат с говядиной, дайкон и маринованными опятами', 'Кусочки маринованной говядины с дайконом, грибамии рисовой лапшой под соусом "Террияки"', 510.00, 250, 0, 0, 3, '2014-09-27 17:50:04', 1),
(61, 'Салат с ростбифом, маринованными огурчиками и опятами', '', 430.00, 250, 0, 0, 3, '2014-09-27 17:50:04', 1),
(62, 'Салат с говяжим языком и бакинскими томатами', '', 530.00, 250, 0, 0, 3, '2014-09-27 17:50:04', 1),
(63, 'Салат c сыром Моццарелла, баклажанами гриль с соусом "Песто"', '', 520.00, 270, 0, 0, 3, '2014-09-27 17:50:04', 1),
(64, 'Салат "Капрезе" с сыром Моццарелла, помидорамии базиликом', '', 510.00, 220, 0, 0, 3, '2014-09-27 17:50:04', 1),
(65, 'Греческий салат с сыром Фета и цитрусовой запрвкой', '', 440.00, 360, 0, 0, 3, '2014-09-27 17:50:04', 1),
(66, 'Салат Винегрет с белыми грибами', 'Классический русский салат с белыми грибами', 250.00, 275, 0, 0, 3, '2014-09-27 17:50:04', 1),
(67, 'Филе лосося', 'Филе лосося в хрустящем тесте с розовым имбирем ', 490.00, 100, 0, 0, 4, '2014-09-27 17:50:04', 1),
(68, 'Кулебяка с лососем и шпинатом', '', 550.00, 300, 0, 0, 4, '2014-09-27 17:50:04', 1),
(69, 'Креветки в корзиночках из рисового теста со спаржей и сушеными томатами', '', 490.00, 100, 0, 0, 4, '2014-09-27 17:50:04', 1),
(70, 'Жульен из даров моря в кокотнице', '', 310.00, 90, 0, 0, 4, '2014-09-27 17:50:04', 1),
(71, 'Жульен из даров моря в корзиночках из слоёного теста', 'Креветки, кальмары, морские гребешки и филе лосося в лёгком сливочном соусе "Бешамель" в корзиночках из слоёного теста', 440.00, 100, 0, 0, 4, '2014-09-27 17:50:04', 1),
(72, 'Жульен грибной в кокотнице', '', 280.00, 90, 0, 0, 4, '2014-09-27 17:50:04', 1),
(73, 'Жульен из курицы в кокотнице', '', 290.00, 90, 0, 0, 4, '2014-09-27 17:50:04', 1),
(74, 'Жульен из курицы в корзиночках из слоёного теста', 'Кусочки курицы в лёгком сливочном соусе "Бешамель" в корзиночках из слоёного теста', 420.00, 190, 0, 0, 4, '2014-09-27 17:50:04', 1),
(75, 'Жареные кольца кальмара с соусом "тар-тар"', ' (120/30)', 350.00, 150, 0, 0, 4, '2014-09-27 17:50:04', 1),
(76, 'Хрустящие конверты из слоёного теста со свининой и соусом чили', ' (220/30)', 450.00, 250, 0, 0, 4, '2014-09-27 17:50:04', 1),
(77, 'Хрустящие конверты из слоёного теста с говяжьей вырезкой и соусом чили', ' (220/30)', 470.00, 250, 0, 0, 4, '2014-09-27 17:50:04', 1),
(78, 'Хрустящие конверты из слоёного теста с бараниной и соусом чили', ' (220/30)', 450.00, 250, 0, 0, 4, '2014-09-27 17:50:04', 1),
(79, 'Запеченая перепелка', 'Перепелка, запеченая в духовке на овощном жульене с имбирным соусом (50/45/10)', 370.00, 105, 0, 0, 4, '2014-09-27 17:50:04', 1),
(80, 'Штрудель с шампиньонами, сыром и овощами', '', 320.00, 120, 0, 0, 4, '2014-09-27 17:50:04', 1),
(81, 'Баклажаны, запеченые со спелыми томатами, базиликом и сыром Пармезан', '', 340.00, 120, 0, 0, 4, '2014-09-27 17:50:04', 1),
(82, 'Стейк из осетрины по-московски', '', 1500.00, 180, 0, 0, 5, '2014-09-27 17:50:04', 1),
(83, 'Стейк из осетрины под соусом Терияки', ' (130/40)', 1500.00, 170, 0, 0, 5, '2014-09-27 17:50:04', 1),
(84, 'Филе судака с соусом Терияки', ' (170/30)', 620.00, 200, 0, 0, 5, '2014-09-27 17:50:04', 1),
(85, 'Форель запечёная в духовке', '', 550.00, 1, 0, 0, 5, '2014-09-27 17:50:04', 1),
(86, 'Филе палтуса в рисовом тесте', 'Филе палтуса, запечёное в лёгком рисовом тесте, с апельсиновым соусом (130/50)', 590.00, 180, 0, 0, 5, '2014-09-27 17:50:04', 1),
(87, 'Стейк из лосося', 'Обжаренный стейк из лосося с соусом Бешамель (150/50)', 630.00, 200, 0, 0, 5, '2014-09-27 17:50:04', 1),
(88, 'Стейк из лосося с шампиньонами и сыром', '', 620.00, 170, 0, 0, 5, '2014-09-27 17:50:04', 1),
(89, 'Стейк из лосося с крабовым мясом', '', 780.00, 160, 0, 0, 5, '2014-09-27 17:50:04', 1),
(90, 'Дорада с ароматом тимьяна', '', 650.00, 1, 0, 0, 5, '2014-09-27 17:50:04', 1),
(91, 'Сибас с анисовым соусом', ' (1 шт/50)', 650.00, 50, 0, 0, 5, '2014-09-27 17:50:04', 1),
(92, 'Стейк из свиной вырезки с домашней аджикой', ' (170/40)', 570.00, 210, 0, 0, 6, '2014-09-27 17:50:04', 1),
(93, 'Свинина на косточке с грибным соусом', ' (180/30)', 620.00, 210, 0, 0, 6, '2014-09-27 17:50:04', 1),
(94, 'Медальоны из свинины в сливочном соусе', 'Медальоны из филе свинины, обжаренные в беконе Подаётся со сливочным соусом с хреном  (140/60)', 670.00, 200, 0, 0, 6, '2014-09-27 17:50:04', 1),
(95, 'Вырезка из говядины', 'подаётся с мясным соусом (150/50)', 790.00, 200, 0, 0, 6, '2014-09-27 17:50:04', 1),
(96, 'Риб-ай стейк из мраморной говядины жареный на мангале', 'сертификат (U.S. PREMIUM BEEF) зерновой откорм', 1900.00, 300, 0, 0, 6, '2014-09-27 17:50:04', 1),
(97, 'Голень ягненка, тушеная с овощами с мясным соусом', ' (240/30)', 1100.00, 270, 0, 0, 6, '2014-09-27 17:50:04', 1),
(98, 'Каре ягненка "Велингтон"', 'Каре ягнёнка с запеченое в слоеном тесте с горчичным соусом (200/40)', 1750.00, 240, 0, 0, 6, '2014-09-27 17:50:04', 1),
(99, 'Каре ягнёнка с запечёными овощами (НОВАЯ ЗЕЛАНДИЯ )', 'Ягнятина на косточке, жареная в духовке, Подаётся с соусом из красного вина с розмарином (180/50)', 1510.00, 230, 0, 0, 6, '2014-09-27 17:50:04', 1),
(100, 'Цыплёнок "Табака"', '', 480.00, 300, 0, 0, 7, '2014-09-27 17:50:04', 1),
(101, 'Курица, запеченая в фольге с грибным соусом', ' (250/40)', 530.00, 290, 0, 0, 7, '2014-09-27 17:50:04', 1),
(102, 'Перепелка на гриле с перечным соусом', ' (150/30)', 660.00, 180, 0, 0, 7, '2014-09-27 17:50:04', 1),
(103, 'Утиное бедро тушеное в собственном соку', ' (150/50)', 500.00, 200, 0, 0, 7, '2014-09-27 17:50:04', 1),
(104, 'Филе оленины с ягодным соусом', ' (160/30)', 1850.00, 190, 0, 0, 8, '2014-09-27 17:50:04', 1),
(105, 'Ножка зайца, тушеная в сметане с грибами', '', 1150.00, 160, 0, 0, 8, '2014-09-27 17:50:04', 1),
(106, 'Молочная телятина на косточке с домашней аджикой с чесноком', ' (170/40)', 810.00, 210, 0, 0, 9, '2014-09-27 17:50:04', 1),
(107, 'Ягнятина на косточке с домашней аджикой с чесноком', ' (180/40)', 930.00, 220, 0, 0, 9, '2014-09-27 17:50:04', 1),
(108, 'Люля-кебаб из баранины с домашней аджикой с чесноком', ' (120/40)', 610.00, 160, 0, 0, 9, '2014-09-27 17:50:04', 1),
(109, 'Куриное бедро маринованое в соевом соусе с домашней аджикой с чесноком', ' (180/40)', 520.00, 220, 0, 0, 9, '2014-09-27 17:50:04', 1),
(110, 'из даров моря с острым соусом ', 'тигровые креветки, морские гребешки, филе кальмара  (35/35/35/40)', 690.00, 145, 0, 0, 10, '2014-09-27 17:50:04', 1),
(111, 'из осетрины с соусом тар-тар', ' (150/40)', 1500.00, 190, 0, 0, 10, '2014-09-27 17:50:04', 1),
(112, 'из свинины с домашней аджикой с чесноком', ' (150/40)', 650.00, 190, 0, 0, 10, '2014-09-27 17:50:04', 1),
(113, 'из говяжьей вырезки с домашней аджикой с чесноком', ' (150/40)', 710.00, 190, 0, 0, 10, '2014-09-27 17:50:04', 1),
(114, 'Картофель жаренный', '', 200.00, 150, 0, 0, 11, '2014-09-27 17:50:04', 1),
(115, 'Картофель фри', '', 200.00, 150, 0, 0, 11, '2014-09-27 17:50:04', 1),
(116, 'Картофель запечёный', '', 200.00, 150, 0, 0, 11, '2014-09-27 17:50:04', 1),
(117, 'Овощи на гриле', 'Сладкий болгарский перец, баклажаны, цуккини и помидоры', 200.00, 150, 0, 0, 11, '2014-09-27 17:50:04', 1),
(118, 'Овощи на пару', 'Сладкий болгарский перец, баклажаны, цуккини и помидоры', 200.00, 150, 0, 0, 11, '2014-09-27 17:50:04', 1),
(119, 'Ассорти из запеченых овощей с ароматом чеснока и тимьяна', 'Баклажаны, цуккини, сладкий перец, томаты и картофель', 480.00, 350, 0, 0, 11, '2014-09-27 17:50:04', 1),
(120, 'Рис Басмати ', '', 200.00, 150, 0, 0, 11, '2014-09-27 17:50:04', 1),
(121, 'Булочка французская белая с кунжутом', '', 20.00, 40, 0, 0, 12, '2014-09-27 17:50:04', 1),
(122, 'Булочка французская чёрная с кориандром', '', 20.00, 40, 0, 0, 12, '2014-09-27 17:50:04', 1),
(123, 'Домашний каравай ( для свадьбы)', '', 1200.00, 1000, 0, 0, 12, '2014-09-27 17:50:04', 1),
(124, 'Пирожки печеные с капустой', '', 50.00, 40, 0, 0, 12, '2014-09-27 17:50:04', 1),
(125, 'Пирожки печеные с грибами и сыром', '', 50.00, 40, 0, 0, 12, '2014-09-27 17:50:04', 1),
(126, 'Пирожки печеные с мясом', '', 70.00, 40, 0, 0, 12, '2014-09-27 17:50:04', 1),
(127, 'Пирожки слоеные с капустой', '', 70.00, 50, 0, 0, 12, '2014-09-27 17:50:04', 1),
(128, 'Пирожки слоеные с грибами и сыром', '', 70.00, 50, 0, 0, 12, '2014-09-27 17:50:04', 1),
(129, 'Пирожки слоеные с мясом', '', 90.00, 50, 0, 0, 12, '2014-09-27 17:50:04', 1),
(130, 'Расстегаи', '', 60.00, 40, 0, 0, 12, '2014-09-27 17:50:04', 1),
(131, 'Кулебяка из лосося и шпината', '', 550.00, 290, 0, 0, 12, '2014-09-27 17:50:04', 1),
(132, 'Торт на заказ Шоколадный', 'от 1 кг.', 1900.00, 1000, 0, 0, 15, '2014-09-27 17:50:04', 1),
(133, 'Торт на заказ Йогурто-фруктовый', 'от 1 кг.', 1900.00, 1000, 0, 0, 15, '2014-09-27 17:50:04', 1),
(134, 'Торт на заказ Сырный ', 'от 1 кг.', 1900.00, 1000, 0, 0, 15, '2014-09-27 17:50:04', 1),
(135, 'Мини-пирожные Йогуртовые', '', 150.00, 30, 0, 0, 15, '2014-09-27 17:50:04', 1),
(136, 'Мини-пирожные Медовые', '', 150.00, 30, 0, 0, 15, '2014-09-27 17:50:04', 1),
(137, 'Мини-пирожные Шоколадные', '', 150.00, 30, 0, 0, 15, '2014-09-27 17:50:04', 1),
(138, 'Мини-эклеры Ореховые', '', 100.00, 20, 0, 0, 15, '2014-09-27 17:50:04', 1),
(139, 'Мини-эклеры Ванильные', '', 100.00, 20, 0, 0, 15, '2014-09-27 17:50:04', 1),
(140, 'Мини-эклеры Шоколадные', '', 100.00, 20, 0, 0, 15, '2014-09-27 17:50:04', 1),
(141, 'Ассорти из разнообразных сыров', 'Камамбер, Грана Подана, Дор Блю,Чеддер, козий сыр подаётся с грецкими орехами, виноградом и медом (30/30/30/30/30/50/15/50)', 670.00, 265, 0, 0, 16, '2014-09-27 17:50:04', 1),
(142, '"Миль-фёй" с вишней', 'Домашний "Наполеон" с вишней (105/60)', 420.00, 165, 0, 0, 16, '2014-09-27 17:50:04', 1),
(143, 'Торт Медовик', ' (115/60)', 420.00, 175, 0, 0, 16, '2014-09-27 17:50:04', 1),
(144, 'Торт "Эстерхази"', ' (90/15)', 290.00, 105, 0, 0, 16, '2014-09-27 17:50:04', 1),
(145, 'Торт "Птичье Молоко"', 'Оригинальный рецепт от шефа-кондитера  ресторана "Времена Года"', 270.00, 110, 0, 0, 16, '2014-09-27 17:50:04', 1),
(146, 'Летняя фруктово-ягодная тарелка', 'Клубника, виноград, персик, груша, черешня, абрикос, слива, физалис (100/300/250/250/200/250/250/10)', 2100.00, 1600, 0, 0, 16, '2014-09-27 17:50:04', 1),
(147, 'Ягодная тарелка', 'Голубика, ежевика, малина, клубника (40/40/40/40)', 790.00, 160, 0, 0, 16, '2014-09-27 17:50:04', 1),
(148, 'Замок из ананаса', '1 шт.', 1150.00, 0, 0, 0, 16, '2014-09-27 17:50:04', 1),
(149, 'Мороженое "Mövenpick" Ванильное', '', 190.00, 50, 0, 0, 16, '2014-09-27 17:50:04', 1),
(150, 'Мороженое "Mövenpick" Шоколадное', '', 190.00, 50, 0, 0, 16, '2014-09-27 17:50:04', 1),
(151, 'Мороженое "Mövenpick" Клубничное', '', 190.00, 50, 0, 0, 16, '2014-09-27 17:50:04', 1),
(152, 'Икра кетовая', 'подается со сливочным маслом (50/25)', 510.00, 75, 0, 1, 2, '2014-09-27 17:50:04', 1),
(153, 'Сёмга слабой соли по-домашнему рецепту', 'подается с маслинами, оливками и лимоном ', 440.00, 100, 0, 1, 2, '2014-09-27 17:50:04', 1),
(154, 'Масляная рыба холодного копчения', 'подается с маслинами, оливками и лимоном ', 430.00, 100, 0, 1, 2, '2014-09-27 17:50:04', 1),
(155, 'Сельдь слабой соли ', 'Филе сельди с отварным картофелем и красным луком  (100/100/20)', 450.00, 220, 0, 1, 2, '2014-09-27 17:50:04', 1),
(156, 'Хамон (сыровяленый окорок)', 'подаётся  с чесночными гренками, маслинами и оливками (100/80/20)', 610.00, 200, 0, 1, 2, '2014-09-27 17:50:04', 1),
(157, 'Буженина запечёная домашняя', 'подаётся с хреном и горчицей (100/25/25)', 350.00, 150, 0, 1, 2, '2014-09-27 17:50:04', 1),
(158, 'Язык говяжий отварной', 'подаётся с хреном и горчицей (100/25/25)', 400.00, 150, 0, 1, 2, '2014-09-27 17:50:04', 1),
(159, 'Ростбиф запечёный по-домашнему', 'подаётся с хреном и горчицей (100/25/25)', 430.00, 150, 0, 1, 2, '2014-09-27 17:50:04', 1),
(160, 'Рулет из курицы с курагой и грецким орехом', 'домашний рулет из курицы, приготовленный на пару ', 390.00, 150, 0, 1, 2, '2014-09-27 17:50:04', 1),
(161, 'Галантин из утки с фисташками', 'Рулет из утки с куриным мясом и фисташками ', 450.00, 150, 0, 1, 2, '2014-09-27 17:50:04', 1),
(162, 'Рулет из кролика с черносливом в беконе', 'Мясо кролика с черносливом, беконом и запеченое в духовке ', 510.00, 150, 0, 1, 2, '2014-09-27 17:50:04', 1),
(163, 'Ассорти мясных деликатесов приготовленных по-домашнему', 'Ростбиф, буженина по-домашнему, язык говяжий, рулет из курицы, рулет из кролика, галантин из утки (50/50/50/50/50/50)', 1500.00, 300, 0, 1, 2, '2014-09-27 17:50:04', 1),
(164, 'Соленья "по-домашнему"', 'Огурцы малосольные и солёные, квашеная капуста и солёные помидоры (100/100/100/100)', 350.00, 400, 0, 1, 2, '2014-09-27 17:50:04', 1),
(165, 'Белые грибы маринованные', 'подаются с красным луком и помидрами черри ', 450.00, 100, 0, 1, 2, '2014-09-27 17:50:04', 1),
(166, 'Маслины и оливки " Maestro de Oliva" Испания', 'Ассорти гигантских  маслин и оливок с косточкой (75/75)', 280.00, 150, 0, 1, 2, '2014-09-27 17:50:04', 1),
(167, 'Овощи натуральные со свежей зеленью', 'Свежие помидоры, огурцы, редис, сладкий перец и зелень (50/50/30/50/20)', 390.00, 200, 0, 1, 2, '2014-09-27 17:50:04', 1),
(168, 'Ассорти из разнообразных сыров', 'Сыр Камамбер, Грана Подана, Дор Блю,Чеддер, козий сыр подаётся с медом, грецкими орехами и виноградом (30/30/30/30/30/50/15/50)', 670.00, 265, 0, 1, 2, '2014-09-27 17:50:04', 1),
(169, 'Салат овощной', 'Бакинские помидоры, огурец, редис, болгарский перец, зелень Заправляется ароматным маслом ', 410.00, 250, 0, 1, 3, '2014-09-27 17:50:04', 1),
(170, 'Салат из свежих огурцов и бакинских томатов ', 'с творожным соусом (180/60)', 390.00, 240, 0, 1, 3, '2014-09-27 17:50:04', 1),
(171, 'Салат из томатов с красным луком ', 'Салат из томатови красного лука Заправляется "Бальзамико" и соусом Песто (200/15/30)', 390.00, 245, 0, 1, 3, '2014-09-27 17:50:04', 1),
(172, 'Салат с руккола, креветками и сыром моцарелла', 'Листья салата руккола, бакинские помидоры, тигровые креветки и сыр моцарелла Заправляется соусом бальзамик ', 690.00, 270, 0, 1, 3, '2014-09-27 17:50:04', 1),
(173, 'Салат "Цезарь" с курицей', 'Листья салата с классической заправкой (170/80)', 510.00, 250, 0, 1, 3, '2014-09-27 17:50:04', 1),
(174, 'Салат "Цезарь" с тигровыми креветками', 'Листья салата с классической заправкой (160/60)', 690.00, 220, 0, 1, 3, '2014-09-27 17:50:04', 1),
(175, 'Салат с ростбифом, овощами и соусом Цезарь', 'Кусочки ростбифа, свежий огурец, редис, пармезан и соус Цезарь ', 530.00, 250, 0, 1, 3, '2014-09-27 17:50:04', 1),
(176, 'Салат с говяжьим языком, шампиньонами и малиновым соусом', 'Отварной говяжий язык и шампиньоны, обжаренные с луком Заправляется сметаной и дижонской горчицей Подается с малиновым соусом (220/10)', 470.00, 230, 0, 1, 3, '2014-09-27 17:50:04', 1),
(177, 'Мидии запечёные с белыми грибами и помидорами черри', 'в сливочно-сырном  соусе "Дор Блю" (120/50)', 480.00, 170, 0, 1, 4, '2014-09-27 17:50:04', 1),
(178, 'Жульен грибной по-домашнему', 'из шампиньонов в  сливочном соусе  ', 280.00, 90, 0, 1, 4, '2014-09-27 17:50:04', 1),
(179, 'Пирожки печеные с капустой', ' ', 50.00, 40, 0, 1, 12, '2014-09-27 17:50:04', 1),
(180, 'Пирожки печеные с грибами и сыром', ' ', 50.00, 40, 0, 1, 12, '2014-09-27 17:50:04', 1),
(181, 'Пирожки печеные с мясом', ' ', 70.00, 40, 0, 1, 12, '2014-09-27 17:50:04', 1),
(182, 'Тальятелли с дарами моря', ' в сливочном соусе ', 640.00, 340, 0, 1, 17, '2014-09-27 17:50:04', 1),
(183, 'Тальятелли с тигровыми креветками', 'в остром томатном соусе ', 570.00, 350, 0, 1, 17, '2014-09-27 17:50:04', 1),
(184, 'Тальятелли с белыми грибами', ' ', 530.00, 310, 0, 1, 17, '2014-09-27 17:50:04', 1),
(185, 'Уха', ' ', 590.00, 300, 0, 1, 64, '2014-09-27 17:50:04', 1),
(186, 'Суп щавелевый со сметаной', ' (300/50)', 360.00, 350, 0, 1, 64, '2014-09-27 17:50:04', 1),
(187, 'Борщ со сметаной и чесночными гренками', ' (300/50/30)', 350.00, 380, 0, 1, 64, '2014-09-27 17:50:04', 1),
(188, 'Крем-суп из шампиньонов и белых грибов', ' ', 350.00, 300, 0, 1, 64, '2014-09-27 17:50:04', 1),
(189, 'Стейк из лосося', 'подаётся с соусом Бешамель (150/50)', 630.00, 200, 0, 1, 5, '2014-09-27 17:50:04', 1),
(190, 'Дорада', 'Запеченая Дорада с ароматом тимьяна ', 650.00, 200, 0, 1, 5, '2014-09-27 17:50:04', 1),
(191, 'Филе сибас в "рукаве"', 'Филе сибас, запечёный в "рукаве" с помидорами "черри", сельдереем и маслинами в белом вине ', 760.00, 300, 0, 1, 5, '2014-09-27 17:50:04', 1),
(192, 'Филе палтуса с грибами и щавелем', 'с соусом медово-горчичным (130/130/30)', 750.00, 290, 0, 1, 5, '2014-09-27 17:50:04', 1),
(193, 'Телятина на косточке с домашней аджикой с чесноком', ' (170/50/40)', 810.00, 260, 0, 1, 9, '2014-09-27 17:50:04', 1),
(194, 'Риб-ай стейк из мраморной говядины', ' ', 1900.00, 300, 0, 1, 9, '2014-09-27 17:50:04', 1),
(195, 'Люля-кебаб из баранины с домашней аджикой с чесноком', ' (120/50/40)', 610.00, 210, 0, 1, 9, '2014-09-27 17:50:04', 1),
(196, 'Ягнятины на косточке с домашней аджикой с чесноком', ' (180/50/40)', 930.00, 270, 0, 1, 9, '2014-09-27 17:50:04', 1),
(197, 'Шашлык из даров моря с острым соусом ', 'тигровые креветки, морские гребешки, филе кальмара  (35/35/35/50/40)', 690.00, 195, 0, 1, 10, '2014-09-27 17:50:04', 1),
(198, 'Шашлык из свинины с домашней аджикой ', ' (150/50/40)', 650.00, 240, 0, 1, 10, '2014-09-27 17:50:04', 1),
(199, 'Медальоны из свинины в сливочном соусе', 'Обжаренные в беконе  медальоны из филе свинины, подаются со сливочным соусом с хреном  (140/60)', 670.00, 200, 0, 1, 6, '2014-09-27 17:50:04', 1),
(200, 'Вырезка из говядины', 'подаётся с мясным соусом (150/50)', 790.00, 200, 0, 1, 6, '2014-09-27 17:50:04', 1),
(201, 'Бефстроганов по-старорусски', 'Кусочки вырезки говядины с грибами, луком в сметанном соусе и маринованными огурчиками Подается с печеным картофелем и томатами (320/50/45)', 580.00, 415, 0, 1, 6, '2014-09-27 17:50:04', 1),
(202, 'Каре ягнёнка (НОВАЯ ЗЕЛАНДИЯ )', 'Ягнятина на косточке, жареная в духовке, подаётся  с соусом из красного вина с розмарином и овощами (180/40/50)', 1510.00, 270, 0, 1, 6, '2014-09-27 17:50:04', 1),
(203, 'Куриные потрошка', 'Куриные сердечки и печень в сметанном соусе ', 400.00, 190, 0, 1, 7, '2014-09-27 17:50:04', 1),
(204, 'Домашние куриные котлетки с картофельным пюре', 'подаются с солёным огурцом  (150/100/60)', 530.00, 310, 0, 1, 7, '2014-09-27 17:50:04', 1),
(205, 'Цыплёнок маринованный', 'Цыпленок маринованный и приготовленный по оригинальному рецепту от шефа ', 480.00, 350, 0, 1, 7, '2014-09-27 17:50:04', 1),
(206, 'Утиное бедро с гречкой с белыми грибами и сливочным соусом', ' (150/150/50)', 590.00, 350, 0, 1, 7, '2014-09-27 17:50:04', 1),
(207, 'Овощи на пару', ' ', 200.00, 150, 0, 1, 11, '2014-09-27 17:50:04', 1),
(208, 'Овощи на гриле', 'Сладкий болгарский перец, баклажаны, цуккини и помидоры ', 200.00, 150, 0, 1, 11, '2014-09-27 17:50:04', 1),
(209, 'Картофельное пюре', ' ', 200.00, 150, 0, 1, 11, '2014-09-27 17:50:04', 1),
(210, 'Картофель запечёный', ' ', 200.00, 150, 0, 1, 11, '2014-09-27 17:50:04', 1),
(211, 'Картофель фри', ' ', 200.00, 150, 0, 1, 11, '2014-09-27 17:50:04', 1),
(212, 'Рис Басмати', ' ', 200.00, 150, 0, 1, 11, '2014-09-27 17:50:04', 1),
(213, 'Домашняя аджика из свежих томатов с чесноком', ' ', 100.00, 50, 0, 1, 65, '2014-09-27 17:50:04', 1),
(214, 'Соус гранатовый "Наршараб"', ' ', 100.00, 50, 0, 1, 65, '2014-09-27 17:50:04', 1),
(215, '"Тар-Тар" соус ', 'Соус: майонез с огурцом ', 100.00, 50, 0, 1, 65, '2014-09-27 17:50:04', 1),
(216, 'Сливочно-сырный соус', 'с ароматом белого вина и сыром "Дор Блю" ', 100.00, 50, 0, 1, 65, '2014-09-27 17:50:04', 1),
(217, 'Сливочный соус с добавлением хрена', ' ', 100.00, 50, 0, 1, 65, '2014-09-27 17:50:04', 1),
(218, '"Миль-фёй" с вишней', 'Домашний "Наполеон" с вишней (105/60)', 420.00, 165, 0, 1, 63, '2014-09-27 17:50:04', 1),
(219, 'Торт Медовик', 'Торт медовый с ягодами и ванильным мороженым (115/60)', 420.00, 175, 0, 1, 63, '2014-09-27 17:50:04', 1),
(220, 'Торт "Эстерхази"', 'подается с ягодами и карамельным соусом (90/15)', 290.00, 105, 0, 1, 63, '2014-09-27 17:50:04', 1),
(221, 'Торт "Птичье Молоко"', 'Оригинальный рецепт от шефа-кондитера  ресторана "Времена Года" ', 270.00, 110, 0, 1, 63, '2014-09-27 17:50:04', 1),
(222, 'Мусс шоколадный "Времена Года"', 'Мусс на основе творожного сыра, взбитых сливок и шоколада подается с ассорти орехов и вишневым соком ', 290.00, 160, 0, 1, 63, '2014-09-27 17:50:04', 1),
(223, 'Ассорти свежих ягод', 'Голубика, ежевика, малина, клубника (40/40/40/40)', 790.00, 160, 0, 1, 63, '2014-09-27 17:50:04', 1),
(224, 'Летняя фруктово-ягодная тарелка', 'Клубника, виноград, персик, груша, черешня, абрикос, слива, физалис (100/300/250/250/200/250/250/10) ', 2100.00, 1600, 0, 1, 63, '2014-09-27 17:50:04', 1),
(225, 'Мороженое "Mövenpick" Ванильное', ' ', 190.00, 50, 0, 1, 63, '2014-09-27 17:50:04', 1),
(226, 'Мороженое "Mövenpick" Шоколадное', ' ', 190.00, 50, 0, 1, 63, '2014-09-27 17:50:04', 1),
(227, 'Мороженое "Mövenpick" Клубничное', ' ', 190.00, 50, 0, 1, 63, '2014-09-27 17:50:04', 1),
(228, 'Российское Шампанское. Санкт-Питербург', '', 690.00, 750, 1, 0, 18, '2014-09-27 17:50:04', 1),
(229, 'Российск. Шампанское Абрау -Дюрсо, Белое, золотой брют', '', 950.00, 750, 1, 0, 18, '2014-09-27 17:50:04', 2),
(230, 'Российское Шампанское Абрау -Дюрсо, Красное, полусладкое', '', 950.00, 750, 1, 0, 18, '2014-09-27 17:50:04', 3),
(231, 'Де Перрьер Блан де Блан. Брют. Эф. Джи. Ви. Эс .Франция', '', 1550.00, 750, 1, 0, 18, '2014-09-27 17:50:04', 4),
(232, 'Вальдо Просекко Экстра Драй Док. Венето. Италия', '', 1950.00, 750, 1, 0, 18, '2014-09-27 17:50:04', 5),
(233, 'Мартини Асти (сладкое). Песьоне, Турин. Италия', '', 2500.00, 750, 1, 0, 18, '2014-09-27 17:50:04', 6),
(234, 'Мартини Просекко. Венето. Италия', '', 2300.00, 750, 1, 0, 18, '2014-09-27 17:50:04', 7),
(235, 'Креман д’Эльзас Деми-сек. Рене Мюре. Франция', '', 2800.00, 750, 1, 0, 18, '2014-09-27 17:50:04', 8),
(236, 'Лансон Блэк Лейбл Брют. Лансон. Франция', '', 4300.00, 750, 1, 0, 18, '2014-09-27 17:50:04', 9),
(237, 'Лансон Розе Лейбл Брют Розе. Лансон. Франция', '', 6300.00, 750, 1, 0, 18, '2014-09-27 17:50:04', 10),
(238, 'Моэт Шандон. Брют Империал. Франция', '', 6900.00, 750, 1, 0, 18, '2014-09-27 17:50:04', 11),
(239, 'Пеш Рок Блан. (полусухое)', '', 950.00, 750, 1, 0, 35, '2014-09-27 17:50:04', 1),
(240, 'Шато Мейн Паргад. Бордо ', '', 950.00, 750, 1, 0, 35, '2014-09-27 17:50:04', 2),
(241, 'Бордо. Барон Филипп де Ротшильд Блан', '', 1150.00, 750, 1, 0, 35, '2014-09-27 17:50:04', 3),
(242, 'Шардонне."Шевалье Лакассан"', '', 1200.00, 750, 1, 0, 35, '2014-09-27 17:50:04', 4),
(243, 'Шардонне. Ла Гаре. Жорж Дюбеф', '', 1490.00, 750, 1, 0, 35, '2014-09-27 17:50:04', 5),
(244, 'Совиньон "Таркет". Кот де Гасконь', '', 1900.00, 750, 1, 0, 35, '2014-09-27 17:50:04', 6),
(245, 'Сансерр Блан "Ле Кайотт". Жан-Макс Роже ', '', 3750.00, 750, 1, 0, 35, '2014-09-27 17:50:04', 7),
(246, 'Шабли. Ларош ', '', 3700.00, 750, 1, 0, 35, '2014-09-27 17:50:04', 8),
(247, 'Шабли Премьер Крю. Симоне-Февр. Бургундия', '', 3950.00, 750, 1, 0, 35, '2014-09-27 17:50:04', 9),
(248, 'Шабли Премьер Крю. Домейн Ларош. ', '', 5925.00, 750, 1, 0, 35, '2014-09-27 17:50:04', 10),
(249, 'Орвието. Минини', '', 1280.00, 750, 1, 0, 36, '2014-09-27 17:50:04', 1),
(250, 'Пино Гриджио. Конте Фоско делле Венецие', '', 1300.00, 750, 1, 0, 36, '2014-09-27 17:50:04', 2),
(251, 'Соаве Классико Корте Менини ', '', 2100.00, 750, 1, 0, 36, '2014-09-27 17:50:04', 3),
(252, 'Ла Сегрета. Планета. Сицилия', '', 2300.00, 750, 1, 0, 36, '2014-09-27 17:50:04', 4),
(253, 'Мастро. Мастроберардино. Кампания', '', 2400.00, 750, 1, 0, 36, '2014-09-27 17:50:04', 5),
(254, 'Гави ди Гави. Вилла Спарина ', '', 2690.00, 750, 1, 0, 36, '2014-09-27 17:50:04', 6),
(255, 'Маркес де Касерес Бланко', '', 1450.00, 750, 1, 0, 37, '2014-09-27 17:50:04', 1),
(256, 'Шардоне Монтемар Андес. Централ Вэлли ', '', 1190.00, 750, 1, 0, 38, '2014-09-27 17:50:04', 1),
(257, 'Мапу Совиньон Блан. Барон Филипп де Ротшильд ', '', 980.00, 750, 1, 0, 38, '2014-09-27 17:50:04', 2),
(258, 'Савиньон Блан  "Такун". Резерва. Централ Вэлли ', '', 1200.00, 750, 1, 0, 38, '2014-09-27 17:50:04', 3),
(259, 'Шардоне Эскудо Рохо. Барон Филипп де Ротшильд', '', 2690.00, 750, 1, 0, 38, '2014-09-27 17:50:04', 4),
(260, 'Бордо. Барон Филипп де Ротшильд Розе.Франция', '', 1150.00, 750, 1, 0, 39, '2014-09-27 17:50:04', 1),
(261, 'Тускулум Бьянко. Казама. Италия (полусладкое)', '', 950.00, 750, 1, 0, 40, '2014-09-27 17:50:04', 1),
(262, 'Бордо. Барон Филипп де Ротшильд Руж', '', 1150.00, 750, 1, 0, 42, '2014-09-27 17:50:04', 1),
(263, 'Мерло "Шевалье Лакассан". Лангедок-Руссильон', '', 1200.00, 750, 1, 0, 42, '2014-09-27 17:50:04', 2),
(264, 'Шато Де Креси. Бордо', '', 1450.00, 750, 1, 0, 42, '2014-09-27 17:50:04', 3),
(265, 'Каберне Совиньон. Жорж Дюбеф ', '', 2100.00, 750, 1, 0, 42, '2014-09-27 17:50:04', 4),
(266, 'Бургонь Пино Нуар. Шарль Эне', '', 2200.00, 750, 1, 0, 42, '2014-09-27 17:50:04', 5),
(267, 'Бруйи. Анри Фесси. Бургундия', '', 2450.00, 750, 1, 0, 42, '2014-09-27 17:50:04', 6),
(268, 'Кот дю Рон. Долина Роны. Е. Гигаль', '', 3150.00, 750, 1, 0, 42, '2014-09-27 17:50:04', 7),
(269, 'Шато Гайар. Гран Крю. Сэнт-Эмильон. Бордо ', '', 5250.00, 750, 1, 0, 42, '2014-09-27 17:50:04', 8),
(270, 'Терре Аллегре. Санджовезе. Апулия (полусладкое)', '', 950.00, 750, 1, 0, 43, '2014-09-27 17:50:04', 1),
(271, 'Терре Аллегре. Санджовезе. Апулия (полусухое)', '', 950.00, 750, 1, 0, 43, '2014-09-27 17:50:04', 2),
(272, 'Кьянти. Минини. Тоскана. Италия ', '', 1300.00, 750, 1, 0, 43, '2014-09-27 17:50:04', 3),
(273, 'Ла Сегрета. Планета. Сицилия', '', 2300.00, 750, 1, 0, 43, '2014-09-27 17:50:04', 4),
(274, 'Мастро. Мастроберардино. Кампания', '', 2400.00, 750, 1, 0, 43, '2014-09-27 17:50:04', 5),
(275, 'Вальполичелла Классико', '', 3200.00, 750, 1, 0, 43, '2014-09-27 17:50:04', 6),
(276, 'Кьянти Классико. Иль Молино ди Граче', '', 5400.00, 750, 1, 0, 43, '2014-09-27 17:50:04', 7),
(277, 'Брунелло Ди Монтальчино. Капарцо ', '', 8900.00, 750, 1, 0, 43, '2014-09-27 17:50:04', 8),
(278, 'Ла Вендимия. Риоха. Бодегас Паласиос Ремондо', '', 2400.00, 750, 1, 0, 44, '2014-09-27 17:50:04', 1),
(279, 'Маркиз де Касерес Резерва. Риоха  ', '', 4750.00, 750, 1, 0, 44, '2014-09-27 17:50:04', 2),
(280, 'Карменер Резерва.  Барон Филипп де Ротшильд    ', '', 2690.00, 750, 1, 0, 45, '2014-09-27 17:50:04', 1),
(281, 'МАПУ Мерло. Барон Филипп де Ротшильд    ', '', 980.00, 750, 1, 0, 45, '2014-09-27 17:50:04', 2),
(282, 'Эскудо Рохо.  Барон Филипп де Ротшильд ', '', 2710.00, 750, 1, 0, 45, '2014-09-27 17:50:04', 3),
(283, 'Мерло, Монтес Альфа , Колчагуа Вэлли', '', 3200.00, 750, 1, 0, 45, '2014-09-27 17:50:04', 4),
(284, 'Мальбек. Финка ла Линда. Мендоса', '', 1150.00, 750, 1, 0, 46, '2014-09-27 17:50:04', 1),
(285, 'Ла Капра Пинотаж. Паарл. Фэирвью', '', 1800.00, 750, 1, 0, 47, '2014-09-27 17:50:04', 1),
(286, 'Эвиан ', '', 190.00, 330, 2, 0, 62, '2014-09-27 17:50:04', 1),
(287, 'Вода "Арджи" б/г', '', 150.00, 500, 2, 0, 62, '2014-09-27 17:50:04', 2),
(288, 'Вода Архыз Б/Г', '', 150.00, 500, 2, 0, 62, '2014-09-27 17:50:04', 3),
(289, 'Вита "Архыз" с/г', '', 150.00, 500, 2, 0, 62, '2014-09-27 17:50:04', 4),
(290, 'Клюквенный морс', '', 90.00, 250, 2, 0, 62, '2014-09-27 17:50:04', 5),
(291, 'Перрье ', '', 150.00, 330, 2, 0, 62, '2014-09-27 17:50:04', 6),
(292, 'Борожоми', '', 190.00, 500, 2, 0, 62, '2014-09-27 17:50:04', 7),
(293, 'Нарзан Элит ', '', 140.00, 330, 2, 0, 62, '2014-09-27 17:50:04', 8),
(294, 'Ессентуки № 4 ', '', 150.00, 500, 2, 0, 62, '2014-09-27 17:50:04', 9),
(295, 'Кока-Кола', '', 120.00, 250, 2, 0, 62, '2014-09-27 17:50:04', 10),
(296, 'Кока-Кола лайт ', '', 120.00, 250, 2, 0, 62, '2014-09-27 17:50:04', 11),
(297, 'Спрайт ', '', 120.00, 250, 2, 0, 62, '2014-09-27 17:50:04', 12),
(298, 'Швепс Тоник ', '', 120.00, 250, 2, 0, 62, '2014-09-27 17:50:04', 13),
(299, 'Апельсиновый  ', '', 300.00, 200, 2, 0, 48, '2014-09-27 17:50:04', 1),
(300, 'Грейпфрутовый ', '', 300.00, 200, 2, 0, 48, '2014-09-27 17:50:04', 2),
(301, 'Апельсиново-грейпфрутовый ', '', 300.00, 200, 2, 0, 48, '2014-09-27 17:50:04', 3),
(302, 'Яблочный', '', 300.00, 200, 2, 0, 48, '2014-09-27 17:50:04', 4),
(303, 'Морковный ', '', 200.00, 200, 2, 0, 48, '2014-09-27 17:50:04', 5),
(304, 'Яблочно-морковный ', '', 300.00, 200, 2, 0, 48, '2014-09-27 17:50:04', 6),
(305, 'Ананасовый ', '', 350.00, 200, 2, 0, 48, '2014-09-27 17:50:04', 7),
(306, 'Сок сельдерея ', '', 250.00, 200, 2, 0, 48, '2014-09-27 17:50:04', 8),
(307, 'Лимонный', '', 350.00, 200, 2, 0, 48, '2014-09-27 17:50:04', 9),
(308, 'Гранатовый ', '', 450.00, 200, 2, 0, 48, '2014-09-27 17:50:04', 10),
(309, 'СОКИ "RICH" В АСCОРТИМЕНТЕ ', '', 300.00, 1000, 2, 0, 49, '2014-09-27 17:50:04', 1),
(310, 'Клюквенный морс', '', 360.00, 1000, 2, 0, 49, '2014-09-27 17:50:04', 2),
(311, 'Апельсиновый ', '', 800.00, 1500, 2, 0, 50, '2014-09-27 17:50:04', 1),
(312, 'Грейпфрутовый ', '', 800.00, 1500, 2, 0, 50, '2014-09-27 17:50:04', 2),
(313, 'Мандариновый ', '', 850.00, 1500, 2, 0, 50, '2014-09-27 17:50:04', 3),
(314, 'Яблочный ', '', 800.00, 1500, 2, 0, 50, '2014-09-27 17:50:04', 4),
(315, 'Ананасовый  ', '', 850.00, 1500, 2, 0, 50, '2014-09-27 17:50:04', 5),
(316, 'Лимонный ', '', 800.00, 1500, 2, 0, 50, '2014-09-27 17:50:04', 6),
(317, 'Имбирный с лимоном  ', '', 900.00, 1500, 2, 0, 50, '2014-09-27 17:50:04', 7),
(318, 'Безалкогольный Мохито ', '', 290.00, 300, 2, 0, 20, '2014-09-27 17:50:04', 1),
(319, 'Безалкогольный Мохито - Клубничный', '', 340.00, 300, 2, 0, 20, '2014-09-27 17:50:04', 2),
(320, 'Имбирный коктейль ', '', 180.00, 300, 2, 0, 20, '2014-09-27 17:50:04', 3),
(321, 'Ванильный Молочный Коктейль ', '', 250.00, 300, 2, 0, 20, '2014-09-27 17:50:04', 4),
(322, 'Шоколадный Молочный Коктейль ', '', 250.00, 300, 2, 0, 20, '2014-09-27 17:50:04', 5),
(323, 'Клубничный Молочный Коктейль ', '', 350.00, 300, 2, 0, 20, '2014-09-27 17:50:04', 6),
(324, 'Крушовице Империал светлое', '', 350.00, 500, 1, 0, 21, '2014-09-27 17:50:04', 1),
(325, 'Велкопоповицкий Козел светлое ', '', 260.00, 500, 1, 0, 21, '2014-09-27 17:50:04', 2),
(326, 'Велкопоповицкий Козел тёмное ', '', 240.00, 500, 1, 0, 21, '2014-09-27 17:50:04', 3),
(327, '"Гролш" безалкогольное ', '', 290.00, 330, 1, 0, 21, '2014-09-27 17:50:04', 4),
(328, 'Глинтвейн ', '', 290.00, 200, 1, 0, 22, '2014-09-27 17:50:04', 1),
(329, 'Кир Ройал ', '', 250.00, 150, 1, 0, 22, '2014-09-27 17:50:04', 2),
(330, 'Кровавая Мэри ', '', 190.00, 200, 1, 0, 22, '2014-09-27 17:50:04', 3),
(331, 'Кампари Оранж ', '', 250.00, 200, 1, 0, 22, '2014-09-27 17:50:04', 4),
(332, 'Куба Либре (Ром Кола) ', '', 360.00, 300, 1, 0, 22, '2014-09-27 17:50:04', 5),
(333, 'Голубая Лагуна', '', 300.00, 130, 1, 0, 22, '2014-09-27 17:50:04', 6),
(334, 'Джин Тоник ', '', 360.00, 300, 1, 0, 22, '2014-09-27 17:50:04', 7),
(335, 'Виски Кола ', '', 360.00, 300, 1, 0, 22, '2014-09-27 17:50:04', 8),
(336, 'Лонг Айленд Айс Ти ', '', 450.00, 300, 1, 0, 22, '2014-09-27 17:50:04', 9);
INSERT INTO `dishes` (`id`, `title`, `description`, `price`, `weight`, `isdrink`, `isbasic`, `menu_section`, `createdate`, `orderby`) VALUES
(337, 'Мохито ', '', 360.00, 300, 1, 0, 22, '2014-09-27 17:50:04', 10),
(338, 'Мохито Клубничный ', '', 410.00, 300, 1, 0, 22, '2014-09-27 17:50:04', 11),
(339, 'Маргарита Классическая ', '', 300.00, 120, 1, 0, 22, '2014-09-27 17:50:04', 12),
(340, 'Маргарита Клубничная', '', 390.00, 130, 1, 0, 22, '2014-09-27 17:50:04', 13),
(341, 'Космополитен ', '', 300.00, 130, 1, 0, 22, '2014-09-27 17:50:04', 14),
(342, 'Б-52 ', '', 290.00, 45, 1, 0, 22, '2014-09-27 17:50:04', 15),
(343, 'Кампари', '', 3800.00, 1000, 1, 0, 23, '2014-09-27 17:50:04', 1),
(344, 'Мартини Бьянко или Розе ', '', 4000.00, 1000, 1, 0, 23, '2014-09-27 17:50:04', 2),
(345, 'Мартини Россо ', '', 4400.00, 1000, 1, 0, 23, '2014-09-27 17:50:04', 3),
(346, 'Фернет Бранка ', '', 4620.00, 700, 1, 0, 23, '2014-09-27 17:50:04', 4),
(347, 'Фернет Бранка Менте ', '', 4760.00, 700, 1, 0, 23, '2014-09-27 17:50:04', 5),
(348, 'Порто Рамош Пинто Руби', '', 3700.00, 750, 1, 0, 24, '2014-09-27 17:50:04', 1),
(349, 'Самбука ', '', 2800.00, 700, 1, 0, 25, '2014-09-27 17:50:04', 1),
(350, 'Крем де Кассис (Чёрная смородина)', '', 2800.00, 700, 1, 0, 25, '2014-09-27 17:50:04', 2),
(351, 'Бейлиз ', '', 5600.00, 1000, 1, 0, 25, '2014-09-27 17:50:04', 3),
(352, 'Куантро ', '', 7000.00, 1000, 1, 0, 25, '2014-09-27 17:50:04', 4),
(353, 'Калуа ', '', 6000.00, 1000, 1, 0, 25, '2014-09-27 17:50:04', 5),
(354, 'Ягермайстер', '', 3900.00, 1000, 1, 0, 25, '2014-09-27 17:50:04', 6),
(355, 'Биффитер', '', 6000.00, 1000, 1, 0, 26, '2014-09-27 17:50:04', 1),
(356, 'Столичная ', '', 1200.00, 500, 1, 0, 26, '2014-09-27 17:50:04', 2),
(357, 'Русский Стандарт ', '', 1600.00, 500, 1, 0, 26, '2014-09-27 17:50:04', 3),
(358, 'Русский Стандарт Платинум ', '', 2300.00, 500, 1, 0, 26, '2014-09-27 17:50:04', 4),
(359, 'Белое Золото ', '', 2380.00, 700, 1, 0, 26, '2014-09-27 17:50:04', 5),
(360, 'Белое Золото ', '', 1700.00, 500, 1, 0, 26, '2014-09-27 17:50:04', 6),
(361, 'Белое Золото Премиум', '', 2400.00, 500, 1, 0, 26, '2014-09-27 17:50:04', 7),
(362, 'Белуга ', '', 2500.00, 500, 1, 0, 26, '2014-09-27 17:50:04', 8),
(363, 'Камино Реал Бланко ', '', 3000.00, 750, 1, 0, 27, '2014-09-27 17:50:04', 1),
(364, 'Текила Ольмека Серебряная ', '', 7200.00, 1000, 1, 0, 27, '2014-09-27 17:50:04', 2),
(365, 'Текила Ольмека Золотая', '', 7600.00, 1000, 1, 0, 27, '2014-09-27 17:50:04', 3),
(366, 'Бакарди Белый ', '', 5000.00, 1000, 1, 0, 28, '2014-09-27 17:50:04', 1),
(367, 'Бакарди Чёрный', '', 6000.00, 1000, 1, 0, 28, '2014-09-27 17:50:04', 2),
(368, 'Бакарди Оакхарт Пряный ', '', 6000.00, 1000, 1, 0, 28, '2014-09-27 17:50:04', 3),
(369, 'Бакарди Золотой ', '', 4125.00, 750, 1, 0, 28, '2014-09-27 17:50:04', 4),
(370, 'Джеймесон', '', 7600.00, 1000, 1, 0, 29, '2014-09-27 17:50:04', 1),
(371, 'Вильям Лоусонс', '', 2250.00, 750, 1, 0, 29, '2014-09-27 17:50:04', 2),
(372, 'Дюарс Уайт Лейбл', '', 4980.00, 1000, 1, 0, 29, '2014-09-27 17:50:04', 3),
(373, 'Баллантайнс ', '', 7600.00, 1000, 1, 0, 29, '2014-09-27 17:50:04', 4),
(374, 'Джек Дениэлс', '', 8400.00, 1000, 1, 0, 29, '2014-09-27 17:50:04', 5),
(375, 'Джонни Уокер Ред Лэйбл ', '', 7600.00, 1000, 1, 0, 29, '2014-09-27 17:50:04', 6),
(376, 'Джонни Уокер Блэк Лэйбл ', '', 11200.00, 1000, 1, 0, 29, '2014-09-27 17:50:04', 7),
(377, 'Чивас Ригал 12 л. ', '', 11800.00, 1000, 1, 0, 29, '2014-09-27 17:50:04', 8),
(378, 'Чивас Ригал 18 л. ', '', 19800.00, 1000, 1, 0, 29, '2014-09-27 17:50:04', 9),
(379, 'Мартель V.S.O.P.', '', 17000.00, 1000, 1, 0, 30, '2014-09-27 17:50:04', 1),
(380, 'Мартель V.S.O.P.', '', 11900.00, 700, 1, 0, 30, '2014-09-27 17:50:04', 2),
(381, 'Мартель ХО', '', 37000.00, 1000, 1, 0, 30, '2014-09-27 17:50:04', 3),
(382, 'Мартель X.O. ', '', 25900.00, 700, 1, 0, 30, '2014-09-27 17:50:04', 4),
(383, 'Хеннесси V.S.O.P. ', '', 18000.00, 1000, 1, 0, 30, '2014-09-27 17:50:04', 5),
(384, 'Хеннесси V.S.O.P. ', '', 12600.00, 700, 1, 0, 30, '2014-09-27 17:50:04', 6),
(385, 'Хеннесси X.O. ', '', 35560.00, 700, 1, 0, 30, '2014-09-27 17:50:04', 7),
(386, 'Арарат ***** 5л.  ', '', 3500.00, 500, 1, 0, 31, '2014-09-27 17:50:04', 1),
(387, 'Арарат "Ани"  6 л. ', '', 3700.00, 500, 1, 0, 31, '2014-09-27 17:50:04', 2),
(388, 'Арарат "Отборный" 7 л.', '', 4200.00, 500, 1, 0, 31, '2014-09-27 17:50:04', 3),
(389, 'Ристретто ', '', 150.00, 15, 2, 0, 32, '2014-09-27 17:50:04', 1),
(390, 'Эспрессо ', '', 150.00, 40, 2, 0, 32, '2014-09-27 17:50:04', 2),
(391, 'Двойной эспрессо ', '', 250.00, 80, 2, 0, 32, '2014-09-27 17:50:04', 3),
(392, 'Американо ', '', 150.00, 100, 2, 0, 32, '2014-09-27 17:50:04', 4),
(393, 'Каппучино ', '', 220.00, 220, 2, 0, 32, '2014-09-27 17:50:04', 5),
(394, 'Латте', '', 220.00, 250, 2, 0, 32, '2014-09-27 17:50:04', 6),
(395, 'По-восточному ', '', 160.00, 200, 2, 0, 32, '2014-09-27 17:50:04', 7),
(396, 'Ирландский Кофе ', '', 320.00, 200, 2, 0, 32, '2014-09-27 17:50:04', 8),
(397, 'Кофе “Бейлиз”', '', 320.00, 200, 2, 0, 32, '2014-09-27 17:50:04', 9),
(398, 'Какао ', '', 210.00, 200, 2, 0, 32, '2014-09-27 17:50:04', 10),
(399, 'Цейлон ', '', 290.00, 400, 2, 0, 51, '2014-09-27 17:50:04', 1),
(400, 'Чёрный байховый с чабрецом ', '', 290.00, 400, 2, 0, 51, '2014-09-27 17:50:04', 2),
(401, 'Дарджилинг ', '', 290.00, 400, 2, 0, 51, '2014-09-27 17:50:04', 3),
(402, 'Эрл Грей ', '', 290.00, 400, 2, 0, 51, '2014-09-27 17:50:04', 4),
(403, 'Пуэр Императорский ', '', 350.00, 400, 2, 0, 51, '2014-09-27 17:50:04', 5),
(404, 'Чунь-Ми', '', 290.00, 400, 2, 0, 52, '2014-09-27 17:50:04', 1),
(405, 'Жасмин Чунг Хао', '', 350.00, 400, 2, 0, 52, '2014-09-27 17:50:04', 2),
(406, 'Молочный Улун', '', 350.00, 400, 2, 0, 52, '2014-09-27 17:50:04', 3),
(407, 'Серебряные Иглы ', '', 350.00, 400, 2, 0, 53, '2014-09-27 17:50:04', 1),
(408, 'Земляника со сливками', '', 350.00, 400, 2, 0, 54, '2014-09-27 17:50:04', 1),
(409, 'Мятный отвар ', '', 290.00, 400, 2, 0, 55, '2014-09-27 17:50:04', 1);

-- --------------------------------------------------------

--
-- Table structure for table `dishes_history`
--

CREATE TABLE IF NOT EXISTS `dishes_history` (
  `id` int(11) NOT NULL AUTO_INCREMENT,
  `dishid` int(11) NOT NULL,
  `name` text NOT NULL,
  `description` text NOT NULL,
  `price` float(7,2) NOT NULL,
  `weight` int(11) NOT NULL,
  `isbasic` int(11) NOT NULL,
  `menu_section` int(11) NOT NULL,
  `menu` int(11) NOT NULL,
  `createdby` int(11) NOT NULL,
  `isactive` int(11) NOT NULL,
  `changes` text NOT NULL,
  `kogda` datetime NOT NULL,
  PRIMARY KEY (`id`),
  UNIQUE KEY `id` (`id`)
) ENGINE=InnoDB  DEFAULT CHARSET=utf8 AUTO_INCREMENT=410 ;

--
-- Dumping data for table `dishes_history`
--

INSERT INTO `dishes_history` (`id`, `dishid`, `name`, `description`, `price`, `weight`, `isbasic`, `menu_section`, `menu`, `createdby`, `isactive`, `changes`, `kogda`) VALUES
(1, 1, 'Судак фаршированный муссом из семги, судака и креветок с красной икрой', ' (2,2-2,5 кг)', 7000.00, 2350, 0, 1, 1, 1, 1, '4,', '2014-09-27 18:04:31'),
(2, 2, 'Сёмга запеченая целиком', ' (3,5-4,0 кг)', 7500.00, 3750, 0, 1, 1, 1, 1, '4,', '2014-09-27 18:04:31'),
(3, 3, 'Стерлядь запеченая', '', 6500.00, 1300, 0, 1, 1, 1, 1, '4,', '2014-09-27 18:04:31'),
(4, 4, 'Осетрина целиком', ' (3-3,5 кг)', 32000.00, 3250, 0, 1, 1, 1, 1, '4,', '2014-09-27 18:04:31'),
(5, 5, 'Поросёнок, жареный целиком "по-боярски" ', 'фаршированный вырезкой, курагой и черносливом (4,5-5 кг)', 24000.00, 4750, 0, 1, 1, 1, 1, '4,', '2014-09-27 18:04:31'),
(6, 6, 'Поросенок жареный целиком ', ' (3-3,5 кг)', 17000.00, 3250, 0, 1, 1, 1, 1, '4,', '2014-09-27 18:04:31'),
(7, 7, 'Нога телячья, запеченая целиком', ' (4,0-4,5 кг)', 19000.00, 4250, 0, 1, 1, 1, 1, '4,', '2014-09-27 18:04:31'),
(8, 8, 'Нога ягненка запеченая целиком', ' (2-2,3 кг)', 7500.00, 2150, 0, 1, 1, 1, 1, '4,', '2014-09-27 18:04:31'),
(9, 9, 'Индейка, запеченная с фруктами (малая)', ' (2,2-2,5 кг)', 6500.00, 2350, 0, 1, 1, 1, 1, '4,', '2014-09-27 18:04:31'),
(10, 10, 'Индейка, запеченная с фруктами (большая)', ' (3,2-3,5 кг)', 9800.00, 3350, 0, 1, 1, 1, 1, '4,', '2014-09-27 18:04:31'),
(11, 11, 'Курица запеченая, фаршированная потрахами ', ' (1,0-1,2 кг)', 3500.00, 1100, 0, 1, 1, 1, 1, '4,', '2014-09-27 18:04:31'),
(12, 12, 'Цесарка, запеченая с прованскими травами', ' (0,6-0,8 кг)', 3800.00, 700, 0, 1, 1, 1, 1, '4,', '2014-09-27 18:04:31'),
(13, 13, 'Утка запеченая', 'подается с карамелизированным яблоком (1,3-1,5 кг)', 5500.00, 1400, 0, 1, 1, 1, 1, '4,', '2014-09-27 18:04:31'),
(14, 14, 'Кулебяка с капустой, семгой, яйцом и блинами (по-русски)', '', 3000.00, 2000, 0, 1, 1, 1, 1, '4,', '2014-09-27 18:04:31'),
(15, 15, 'Икра кетовая ', 'подаётся со сливочным маслом (50/25)', 510.00, 75, 0, 2, 1, 1, 1, '4,', '2014-09-27 18:04:31'),
(16, 16, 'Осетрина заливная ', '', 610.00, 150, 0, 2, 1, 1, 1, '4,', '2014-09-27 18:04:31'),
(17, 17, 'Севрюга горячего копчения, оливки, лимон', '', 1100.00, 100, 0, 2, 1, 1, 1, '4,', '2014-09-27 18:04:31'),
(18, 18, 'Балык из белуги, оливки, лимон', '', 1300.00, 100, 0, 2, 1, 1, 1, '4,', '2014-09-27 18:04:31'),
(19, 19, 'Сёмга слабой соли', '', 440.00, 100, 0, 2, 1, 1, 1, '4,', '2014-09-27 18:04:31'),
(20, 20, 'Масляная рыба холодного копчения', '', 430.00, 100, 0, 2, 1, 1, 1, '4,', '2014-09-27 18:04:31'),
(21, 21, 'Рыбная тарелка', 'Осетрина горячего копчения, семга слабосоленая, масляная рыба, лимон, маслины, оливки (100/100/100/50)', 1450.00, 350, 0, 2, 1, 1, 1, '4,', '2014-09-27 18:04:31'),
(22, 22, 'Сельдь филе с отварным картофелем и красным луком ', ' (100/120)', 450.00, 220, 0, 2, 1, 1, 1, '4,', '2014-09-27 18:04:31'),
(23, 23, 'Холодец домашний ', '', 300.00, 200, 0, 2, 1, 1, 1, '4,', '2014-09-27 18:04:31'),
(24, 24, 'Витки из ветчины, фаршированные сыром с чесноком и грецким орехом ', '', 390.00, 150, 0, 2, 1, 1, 1, '4,', '2014-09-27 18:04:31'),
(25, 25, 'Витки из сыра с ветчиной и грибами', '', 390.00, 150, 0, 2, 1, 1, 1, '4,', '2014-09-27 18:04:31'),
(26, 26, 'Хамон с чесночными гренками ', 'Сыровяленый окорок, подаётся  с чесночными гренками  (100/100)', 610.00, 200, 0, 2, 1, 1, 1, '4,', '2014-09-27 18:04:31'),
(27, 27, 'Буженина запечёная домашняя', 'подаётся с хреном и горчицей (100/25/25)', 350.00, 150, 0, 2, 1, 1, 1, '4,', '2014-09-27 18:04:31'),
(28, 28, 'Язык говяжий заливной ', '', 410.00, 150, 0, 2, 1, 1, 1, '4,', '2014-09-27 18:04:31'),
(29, 29, 'Язык говяжий отварной', 'подаётся с хреном и горчицей (100/25/25)', 400.00, 150, 0, 2, 1, 1, 1, '4,', '2014-09-27 18:04:31'),
(30, 30, 'Ростбиф запечёный по-домашнему', 'подаётся с хреном и горчицей (100/25/25)', 430.00, 150, 0, 2, 1, 1, 1, '4,', '2014-09-27 18:04:31'),
(31, 31, 'Ассорти колбас по домашним рецептам', 'Колбаса свиная с/к, колбаса печеночная, колбаса телячья, бастурма (50/50/50/50)', 1250.00, 200, 0, 2, 1, 1, 1, '4,', '2014-09-27 18:04:31'),
(32, 32, 'Ассорти мясных деликатесов приготовленных по-домашнему', 'Ростбиф, буженина по-домашнему, язык говяжий, рулет из курицы, рулет из кролика, галантин из утки (50/50/50/50/50/50)', 1500.00, 300, 0, 2, 1, 1, 1, '4,', '2014-09-27 18:04:31'),
(33, 33, 'Рулет из кролика с черносливом в беконе', '', 510.00, 150, 0, 2, 1, 1, 1, '4,', '2014-09-27 18:04:31'),
(34, 34, 'Рулет из курицы с курагой и грецким орехом', '', 390.00, 150, 0, 2, 1, 1, 1, '4,', '2014-09-27 18:04:31'),
(35, 35, 'Галантин из утки с фисташками', '', 450.00, 150, 0, 2, 1, 1, 1, '4,', '2014-09-27 18:04:31'),
(36, 36, 'Рулетики из баклажан с томатами, грецким орехом и кинзой ', '', 430.00, 200, 0, 2, 1, 1, 1, '4,', '2014-09-27 18:04:31'),
(37, 37, 'Рулетики из баклажан с курицей и грецким орехом ', '', 450.00, 200, 0, 2, 1, 1, 1, '4,', '2014-09-27 18:04:31'),
(38, 38, 'Рулетики из баклажан с сыром Фета и зеленью', '', 430.00, 200, 0, 2, 1, 1, 1, '4,', '2014-09-27 18:04:31'),
(39, 39, 'Бакинские помидоры, фаршированные сыром,шампиньонами и зеленью', '', 450.00, 215, 0, 2, 1, 1, 1, '4,', '2014-09-27 18:04:31'),
(40, 40, 'Бакинские помидоры, фаршированные с куриным мясом, сыром и зеленью', '', 470.00, 215, 0, 2, 1, 1, 1, '4,', '2014-09-27 18:04:31'),
(41, 41, 'Овощи натуральные со свежей зеленью', 'Свежие помидоры, огурцы, редис, сладкий болгарский перец и зелень (50/50/30/50/20)', 390.00, 200, 0, 2, 1, 1, 1, '4,', '2014-09-27 18:04:31'),
(42, 42, 'Соленья "по-домашнему"', 'Огурцы малосольные и солёные, квашенная капуста, малосольные помидоры  (100/100/100/100)', 350.00, 400, 0, 2, 1, 1, 1, '4,', '2014-09-27 18:04:31'),
(43, 43, 'Белые маринованные грибы " Премиум"', '', 450.00, 100, 0, 2, 1, 1, 1, '4,', '2014-09-27 18:04:31'),
(44, 44, 'Ассорти из лесных маринованные грибов', '', 410.00, 100, 0, 2, 1, 1, 1, '4,', '2014-09-27 18:04:31'),
(45, 45, 'Маслины и оливки " Maestro de Oliva" Испания', ' (75/75)', 280.00, 150, 0, 2, 1, 1, 1, '4,', '2014-09-27 18:04:31'),
(46, 46, 'Сыр Сулугини с бакинскими помидорами и свежей зеленью', ' (60/100/10)', 420.00, 170, 0, 2, 1, 1, 1, '4,', '2014-09-27 18:04:31'),
(47, 47, 'Блины с красной икрой', ' (150/30)', 480.00, 180, 0, 2, 1, 1, 1, '4,', '2014-09-27 18:04:31'),
(48, 48, 'Сёмга "под шубой"', '', 480.00, 240, 0, 3, 1, 1, 1, '4,', '2014-09-27 18:04:31'),
(49, 49, 'Cельдь "под шубой"', '', 460.00, 240, 0, 3, 1, 1, 1, '4,', '2014-09-27 18:04:31'),
(50, 50, 'Салат "Мимоза"', 'Традиционный рыбный салат', 460.00, 300, 0, 3, 1, 1, 1, '4,', '2014-09-27 18:04:31'),
(51, 51, 'Салат с тунцом', 'Салат с тунцом, томатами, красной фасолью, микс салатом и красным луком', 390.00, 250, 0, 3, 1, 1, 1, '4,', '2014-09-27 18:04:31'),
(52, 52, 'Салат "Оливье" с раковыми шейками и красной икрой', '', 480.00, 240, 0, 3, 1, 1, 1, '4,', '2014-09-27 18:04:31'),
(53, 53, 'Салат "Оливье" с крабовым мясом', '', 650.00, 200, 0, 3, 1, 1, 1, '4,', '2014-09-27 18:04:31'),
(54, 54, 'Салат "Оливье" с курицей', '', 310.00, 200, 0, 3, 1, 1, 1, '4,', '2014-09-27 18:04:31'),
(55, 55, 'Салат из камчатских крабов ', 'Салат из мяса камчатских крабов с авокадо и томатами (180/20)', 1200.00, 200, 0, 3, 1, 1, 1, '4,', '2014-09-27 18:04:31'),
(56, 56, 'Салат “Руккола” с тигровыми креветками ', '', 570.00, 190, 0, 3, 1, 1, 1, '4,', '2014-09-27 18:04:31'),
(57, 57, 'Салат "Цезарь" с тигровыми креветками', 'Листья салата с классической заправкой', 690.00, 240, 0, 3, 1, 1, 1, '4,', '2014-09-27 18:04:31'),
(58, 58, 'Салат "Цезарь" с курицей', 'Листья салата с классической заправкой', 510.00, 250, 0, 3, 1, 1, 1, '4,', '2014-09-27 18:04:31'),
(59, 59, 'Салат из свиной вырезки с овощами, кедровым орехом и жареным беконом', '', 530.00, 250, 0, 3, 1, 1, 1, '4,', '2014-09-27 18:04:31'),
(60, 60, 'Салат с говядиной, дайкон и маринованными опятами', 'Кусочки маринованной говядины с дайконом, грибамии рисовой лапшой под соусом "Террияки"', 510.00, 250, 0, 3, 1, 1, 1, '4,', '2014-09-27 18:04:31'),
(61, 61, 'Салат с ростбифом, маринованными огурчиками и опятами', '', 430.00, 250, 0, 3, 1, 1, 1, '4,', '2014-09-27 18:04:31'),
(62, 62, 'Салат с говяжим языком и бакинскими томатами', '', 530.00, 250, 0, 3, 1, 1, 1, '4,', '2014-09-27 18:04:31'),
(63, 63, 'Салат c сыром Моццарелла, баклажанами гриль с соусом "Песто"', '', 520.00, 270, 0, 3, 1, 1, 1, '4,', '2014-09-27 18:04:31'),
(64, 64, 'Салат "Капрезе" с сыром Моццарелла, помидорамии базиликом', '', 510.00, 220, 0, 3, 1, 1, 1, '4,', '2014-09-27 18:04:31'),
(65, 65, 'Греческий салат с сыром Фета и цитрусовой запрвкой', '', 440.00, 360, 0, 3, 1, 1, 1, '4,', '2014-09-27 18:04:31'),
(66, 66, 'Салат Винегрет с белыми грибами', 'Классический русский салат с белыми грибами', 250.00, 275, 0, 3, 1, 1, 1, '4,', '2014-09-27 18:04:31'),
(67, 67, 'Филе лосося', 'Филе лосося в хрустящем тесте с розовым имбирем ', 490.00, 100, 0, 4, 1, 1, 1, '4,', '2014-09-27 18:04:31'),
(68, 68, 'Кулебяка с лососем и шпинатом', '', 550.00, 300, 0, 4, 1, 1, 1, '4,', '2014-09-27 18:04:31'),
(69, 69, 'Креветки в корзиночках из рисового теста со спаржей и сушеными томатами', '', 490.00, 100, 0, 4, 1, 1, 1, '4,', '2014-09-27 18:04:31'),
(70, 70, 'Жульен из даров моря в кокотнице', '', 310.00, 90, 0, 4, 1, 1, 1, '4,', '2014-09-27 18:04:31'),
(71, 71, 'Жульен из даров моря в корзиночках из слоёного теста', 'Креветки, кальмары, морские гребешки и филе лосося в лёгком сливочном соусе "Бешамель" в корзиночках из слоёного теста', 440.00, 100, 0, 4, 1, 1, 1, '4,', '2014-09-27 18:04:31'),
(72, 72, 'Жульен грибной в кокотнице', '', 280.00, 90, 0, 4, 1, 1, 1, '4,', '2014-09-27 18:04:31'),
(73, 73, 'Жульен из курицы в кокотнице', '', 290.00, 90, 0, 4, 1, 1, 1, '4,', '2014-09-27 18:04:31'),
(74, 74, 'Жульен из курицы в корзиночках из слоёного теста', 'Кусочки курицы в лёгком сливочном соусе "Бешамель" в корзиночках из слоёного теста', 420.00, 190, 0, 4, 1, 1, 1, '4,', '2014-09-27 18:04:31'),
(75, 75, 'Жареные кольца кальмара с соусом "тар-тар"', ' (120/30)', 350.00, 150, 0, 4, 1, 1, 1, '4,', '2014-09-27 18:04:31'),
(76, 76, 'Хрустящие конверты из слоёного теста со свининой и соусом чили', ' (220/30)', 450.00, 250, 0, 4, 1, 1, 1, '4,', '2014-09-27 18:04:31'),
(77, 77, 'Хрустящие конверты из слоёного теста с говяжьей вырезкой и соусом чили', ' (220/30)', 470.00, 250, 0, 4, 1, 1, 1, '4,', '2014-09-27 18:04:31'),
(78, 78, 'Хрустящие конверты из слоёного теста с бараниной и соусом чили', ' (220/30)', 450.00, 250, 0, 4, 1, 1, 1, '4,', '2014-09-27 18:04:31'),
(79, 79, 'Запеченая перепелка', 'Перепелка, запеченая в духовке на овощном жульене с имбирным соусом (50/45/10)', 370.00, 105, 0, 4, 1, 1, 1, '4,', '2014-09-27 18:04:31'),
(80, 80, 'Штрудель с шампиньонами, сыром и овощами', '', 320.00, 120, 0, 4, 1, 1, 1, '4,', '2014-09-27 18:04:31'),
(81, 81, 'Баклажаны, запеченые со спелыми томатами, базиликом и сыром Пармезан', '', 340.00, 120, 0, 4, 1, 1, 1, '4,', '2014-09-27 18:04:31'),
(82, 82, 'Стейк из осетрины по-московски', '', 1500.00, 180, 0, 5, 1, 1, 1, '4,', '2014-09-27 18:04:31'),
(83, 83, 'Стейк из осетрины под соусом Терияки', ' (130/40)', 1500.00, 170, 0, 5, 1, 1, 1, '4,', '2014-09-27 18:04:31'),
(84, 84, 'Филе судака с соусом Терияки', ' (170/30)', 620.00, 200, 0, 5, 1, 1, 1, '4,', '2014-09-27 18:04:31'),
(85, 85, 'Форель запечёная в духовке', '', 550.00, 1, 0, 5, 1, 1, 1, '4,', '2014-09-27 18:04:31'),
(86, 86, 'Филе палтуса в рисовом тесте', 'Филе палтуса, запечёное в лёгком рисовом тесте, с апельсиновым соусом (130/50)', 590.00, 180, 0, 5, 1, 1, 1, '4,', '2014-09-27 18:04:31'),
(87, 87, 'Стейк из лосося', 'Обжаренный стейк из лосося с соусом Бешамель (150/50)', 630.00, 200, 0, 5, 1, 1, 1, '4,', '2014-09-27 18:04:31'),
(88, 88, 'Стейк из лосося с шампиньонами и сыром', '', 620.00, 170, 0, 5, 1, 1, 1, '4,', '2014-09-27 18:04:31'),
(89, 89, 'Стейк из лосося с крабовым мясом', '', 780.00, 160, 0, 5, 1, 1, 1, '4,', '2014-09-27 18:04:31'),
(90, 90, 'Дорада с ароматом тимьяна', '', 650.00, 1, 0, 5, 1, 1, 1, '4,', '2014-09-27 18:04:31'),
(91, 91, 'Сибас с анисовым соусом', ' (1 шт/50)', 650.00, 50, 0, 5, 1, 1, 1, '4,', '2014-09-27 18:04:31'),
(92, 92, 'Стейк из свиной вырезки с домашней аджикой', ' (170/40)', 570.00, 210, 0, 6, 1, 1, 1, '4,', '2014-09-27 18:04:31'),
(93, 93, 'Свинина на косточке с грибным соусом', ' (180/30)', 620.00, 210, 0, 6, 1, 1, 1, '4,', '2014-09-27 18:04:31'),
(94, 94, 'Медальоны из свинины в сливочном соусе', 'Медальоны из филе свинины, обжаренные в беконе Подаётся со сливочным соусом с хреном  (140/60)', 670.00, 200, 0, 6, 1, 1, 1, '4,', '2014-09-27 18:04:31'),
(95, 95, 'Вырезка из говядины', 'подаётся с мясным соусом (150/50)', 790.00, 200, 0, 6, 1, 1, 1, '4,', '2014-09-27 18:04:31'),
(96, 96, 'Риб-ай стейк из мраморной говядины жареный на мангале', 'сертификат (U.S. PREMIUM BEEF) зерновой откорм', 1900.00, 300, 0, 6, 1, 1, 1, '4,', '2014-09-27 18:04:31'),
(97, 97, 'Голень ягненка, тушеная с овощами с мясным соусом', ' (240/30)', 1100.00, 270, 0, 6, 1, 1, 1, '4,', '2014-09-27 18:04:31'),
(98, 98, 'Каре ягненка "Велингтон"', 'Каре ягнёнка с запеченое в слоеном тесте с горчичным соусом (200/40)', 1750.00, 240, 0, 6, 1, 1, 1, '4,', '2014-09-27 18:04:31'),
(99, 99, 'Каре ягнёнка с запечёными овощами (НОВАЯ ЗЕЛАНДИЯ )', 'Ягнятина на косточке, жареная в духовке, Подаётся с соусом из красного вина с розмарином (180/50)', 1510.00, 230, 0, 6, 1, 1, 1, '4,', '2014-09-27 18:04:31'),
(100, 100, 'Цыплёнок "Табака"', '', 480.00, 300, 0, 7, 1, 1, 1, '4,', '2014-09-27 18:04:31'),
(101, 101, 'Курица, запеченая в фольге с грибным соусом', ' (250/40)', 530.00, 290, 0, 7, 1, 1, 1, '4,', '2014-09-27 18:04:31'),
(102, 102, 'Перепелка на гриле с перечным соусом', ' (150/30)', 660.00, 180, 0, 7, 1, 1, 1, '4,', '2014-09-27 18:04:31'),
(103, 103, 'Утиное бедро тушеное в собственном соку', ' (150/50)', 500.00, 200, 0, 7, 1, 1, 1, '4,', '2014-09-27 18:04:31'),
(104, 104, 'Филе оленины с ягодным соусом', ' (160/30)', 1850.00, 190, 0, 8, 1, 1, 1, '4,', '2014-09-27 18:04:31'),
(105, 105, 'Ножка зайца, тушеная в сметане с грибами', '', 1150.00, 160, 0, 8, 1, 1, 1, '4,', '2014-09-27 18:04:31'),
(106, 106, 'Молочная телятина на косточке с домашней аджикой с чесноком', ' (170/40)', 810.00, 210, 0, 9, 1, 1, 1, '4,', '2014-09-27 18:04:31'),
(107, 107, 'Ягнятина на косточке с домашней аджикой с чесноком', ' (180/40)', 930.00, 220, 0, 9, 1, 1, 1, '4,', '2014-09-27 18:04:31'),
(108, 108, 'Люля-кебаб из баранины с домашней аджикой с чесноком', ' (120/40)', 610.00, 160, 0, 9, 1, 1, 1, '4,', '2014-09-27 18:04:31'),
(109, 109, 'Куриное бедро маринованое в соевом соусе с домашней аджикой с чесноком', ' (180/40)', 520.00, 220, 0, 9, 1, 1, 1, '4,', '2014-09-27 18:04:31'),
(110, 110, 'из даров моря с острым соусом ', 'тигровые креветки, морские гребешки, филе кальмара  (35/35/35/40)', 690.00, 145, 0, 10, 1, 1, 1, '4,', '2014-09-27 18:04:31'),
(111, 111, 'из осетрины с соусом тар-тар', ' (150/40)', 1500.00, 190, 0, 10, 1, 1, 1, '4,', '2014-09-27 18:04:31'),
(112, 112, 'из свинины с домашней аджикой с чесноком', ' (150/40)', 650.00, 190, 0, 10, 1, 1, 1, '4,', '2014-09-27 18:04:31'),
(113, 113, 'из говяжьей вырезки с домашней аджикой с чесноком', ' (150/40)', 710.00, 190, 0, 10, 1, 1, 1, '4,', '2014-09-27 18:04:31'),
(114, 114, 'Картофель жаренный', '', 200.00, 150, 0, 11, 1, 1, 1, '4,', '2014-09-27 18:04:31'),
(115, 115, 'Картофель фри', '', 200.00, 150, 0, 11, 1, 1, 1, '4,', '2014-09-27 18:04:31'),
(116, 116, 'Картофель запечёный', '', 200.00, 150, 0, 11, 1, 1, 1, '4,', '2014-09-27 18:04:31'),
(117, 117, 'Овощи на гриле', 'Сладкий болгарский перец, баклажаны, цуккини и помидоры', 200.00, 150, 0, 11, 1, 1, 1, '4,', '2014-09-27 18:04:31'),
(118, 118, 'Овощи на пару', 'Сладкий болгарский перец, баклажаны, цуккини и помидоры', 200.00, 150, 0, 11, 1, 1, 1, '4,', '2014-09-27 18:04:31'),
(119, 119, 'Ассорти из запеченых овощей с ароматом чеснока и тимьяна', 'Баклажаны, цуккини, сладкий перец, томаты и картофель', 480.00, 350, 0, 11, 1, 1, 1, '4,', '2014-09-27 18:04:31'),
(120, 120, 'Рис Басмати ', '', 200.00, 150, 0, 11, 1, 1, 1, '4,', '2014-09-27 18:04:31'),
(121, 121, 'Булочка французская белая с кунжутом', '', 20.00, 40, 0, 12, 1, 1, 1, '4,', '2014-09-27 18:04:31'),
(122, 122, 'Булочка французская чёрная с кориандром', '', 20.00, 40, 0, 12, 1, 1, 1, '4,', '2014-09-27 18:04:31'),
(123, 123, 'Домашний каравай ( для свадьбы)', '', 1200.00, 1000, 0, 12, 1, 1, 1, '4,', '2014-09-27 18:04:31'),
(124, 124, 'Пирожки печеные с капустой', '', 50.00, 40, 0, 12, 1, 1, 1, '4,', '2014-09-27 18:04:31'),
(125, 125, 'Пирожки печеные с грибами и сыром', '', 50.00, 40, 0, 12, 1, 1, 1, '4,', '2014-09-27 18:04:31'),
(126, 126, 'Пирожки печеные с мясом', '', 70.00, 40, 0, 12, 1, 1, 1, '4,', '2014-09-27 18:04:31'),
(127, 127, 'Пирожки слоеные с капустой', '', 70.00, 50, 0, 12, 1, 1, 1, '4,', '2014-09-27 18:04:31'),
(128, 128, 'Пирожки слоеные с грибами и сыром', '', 70.00, 50, 0, 12, 1, 1, 1, '4,', '2014-09-27 18:04:31'),
(129, 129, 'Пирожки слоеные с мясом', '', 90.00, 50, 0, 12, 1, 1, 1, '4,', '2014-09-27 18:04:31'),
(130, 130, 'Расстегаи', '', 60.00, 40, 0, 12, 1, 1, 1, '4,', '2014-09-27 18:04:31'),
(131, 131, 'Кулебяка из лосося и шпината', '', 550.00, 290, 0, 12, 1, 1, 1, '4,', '2014-09-27 18:04:31'),
(132, 132, 'Торт на заказ Шоколадный', 'от 1 кг.', 1900.00, 1000, 0, 15, 1, 1, 1, '4,', '2014-09-27 18:04:31'),
(133, 133, 'Торт на заказ Йогурто-фруктовый', 'от 1 кг.', 1900.00, 1000, 0, 15, 1, 1, 1, '4,', '2014-09-27 18:04:31'),
(134, 134, 'Торт на заказ Сырный ', 'от 1 кг.', 1900.00, 1000, 0, 15, 1, 1, 1, '4,', '2014-09-27 18:04:31'),
(135, 135, 'Мини-пирожные Йогуртовые', '', 150.00, 30, 0, 15, 1, 1, 1, '4,', '2014-09-27 18:04:31'),
(136, 136, 'Мини-пирожные Медовые', '', 150.00, 30, 0, 15, 1, 1, 1, '4,', '2014-09-27 18:04:31'),
(137, 137, 'Мини-пирожные Шоколадные', '', 150.00, 30, 0, 15, 1, 1, 1, '4,', '2014-09-27 18:04:31'),
(138, 138, 'Мини-эклеры Ореховые', '', 100.00, 20, 0, 15, 1, 1, 1, '4,', '2014-09-27 18:04:31'),
(139, 139, 'Мини-эклеры Ванильные', '', 100.00, 20, 0, 15, 1, 1, 1, '4,', '2014-09-27 18:04:31'),
(140, 140, 'Мини-эклеры Шоколадные', '', 100.00, 20, 0, 15, 1, 1, 1, '4,', '2014-09-27 18:04:31'),
(141, 141, 'Ассорти из разнообразных сыров', 'Камамбер, Грана Подана, Дор Блю,Чеддер, козий сыр подаётся с грецкими орехами, виноградом и медом (30/30/30/30/30/50/15/50)', 670.00, 265, 0, 16, 1, 1, 1, '4,', '2014-09-27 18:04:31'),
(142, 142, '"Миль-фёй" с вишней', 'Домашний "Наполеон" с вишней (105/60)', 420.00, 165, 0, 16, 1, 1, 1, '4,', '2014-09-27 18:04:31'),
(143, 143, 'Торт Медовик', ' (115/60)', 420.00, 175, 0, 16, 1, 1, 1, '4,', '2014-09-27 18:04:31'),
(144, 144, 'Торт "Эстерхази"', ' (90/15)', 290.00, 105, 0, 16, 1, 1, 1, '4,', '2014-09-27 18:04:31'),
(145, 145, 'Торт "Птичье Молоко"', 'Оригинальный рецепт от шефа-кондитера  ресторана "Времена Года"', 270.00, 110, 0, 16, 1, 1, 1, '4,', '2014-09-27 18:04:31'),
(146, 146, 'Летняя фруктово-ягодная тарелка', 'Клубника, виноград, персик, груша, черешня, абрикос, слива, физалис (100/300/250/250/200/250/250/10)', 2100.00, 1600, 0, 16, 1, 1, 1, '4,', '2014-09-27 18:04:31'),
(147, 147, 'Ягодная тарелка', 'Голубика, ежевика, малина, клубника (40/40/40/40)', 790.00, 160, 0, 16, 1, 1, 1, '4,', '2014-09-27 18:04:31'),
(148, 148, 'Замок из ананаса', '1 шт.', 1150.00, 0, 0, 16, 1, 1, 1, '4,', '2014-09-27 18:04:31'),
(149, 149, 'Мороженое "Mövenpick" Ванильное', '', 190.00, 50, 0, 16, 1, 1, 1, '4,', '2014-09-27 18:04:31'),
(150, 150, 'Мороженое "Mövenpick" Шоколадное', '', 190.00, 50, 0, 16, 1, 1, 1, '4,', '2014-09-27 18:04:31'),
(151, 151, 'Мороженое "Mövenpick" Клубничное', '', 190.00, 50, 0, 16, 1, 1, 1, '4,', '2014-09-27 18:04:31'),
(152, 152, 'Икра кетовая', 'подается со сливочным маслом (50/25)', 510.00, 75, 1, 2, 1, 1, 1, '4,', '2014-09-27 18:04:31'),
(153, 153, 'Сёмга слабой соли по-домашнему рецепту', 'подается с маслинами, оливками и лимоном ', 440.00, 100, 1, 2, 1, 1, 1, '4,', '2014-09-27 18:04:31'),
(154, 154, 'Масляная рыба холодного копчения', 'подается с маслинами, оливками и лимоном ', 430.00, 100, 1, 2, 1, 1, 1, '4,', '2014-09-27 18:04:31'),
(155, 155, 'Сельдь слабой соли ', 'Филе сельди с отварным картофелем и красным луком  (100/100/20)', 450.00, 220, 1, 2, 1, 1, 1, '4,', '2014-09-27 18:04:31'),
(156, 156, 'Хамон (сыровяленый окорок)', 'подаётся  с чесночными гренками, маслинами и оливками (100/80/20)', 610.00, 200, 1, 2, 1, 1, 1, '4,', '2014-09-27 18:04:31'),
(157, 157, 'Буженина запечёная домашняя', 'подаётся с хреном и горчицей (100/25/25)', 350.00, 150, 1, 2, 1, 1, 1, '4,', '2014-09-27 18:04:31'),
(158, 158, 'Язык говяжий отварной', 'подаётся с хреном и горчицей (100/25/25)', 400.00, 150, 1, 2, 1, 1, 1, '4,', '2014-09-27 18:04:31'),
(159, 159, 'Ростбиф запечёный по-домашнему', 'подаётся с хреном и горчицей (100/25/25)', 430.00, 150, 1, 2, 1, 1, 1, '4,', '2014-09-27 18:04:31'),
(160, 160, 'Рулет из курицы с курагой и грецким орехом', 'домашний рулет из курицы, приготовленный на пару ', 390.00, 150, 1, 2, 1, 1, 1, '4,', '2014-09-27 18:04:31'),
(161, 161, 'Галантин из утки с фисташками', 'Рулет из утки с куриным мясом и фисташками ', 450.00, 150, 1, 2, 1, 1, 1, '4,', '2014-09-27 18:04:31'),
(162, 162, 'Рулет из кролика с черносливом в беконе', 'Мясо кролика с черносливом, беконом и запеченое в духовке ', 510.00, 150, 1, 2, 1, 1, 1, '4,', '2014-09-27 18:04:31'),
(163, 163, 'Ассорти мясных деликатесов приготовленных по-домашнему', 'Ростбиф, буженина по-домашнему, язык говяжий, рулет из курицы, рулет из кролика, галантин из утки (50/50/50/50/50/50)', 1500.00, 300, 1, 2, 1, 1, 1, '4,', '2014-09-27 18:04:31'),
(164, 164, 'Соленья "по-домашнему"', 'Огурцы малосольные и солёные, квашеная капуста и солёные помидоры (100/100/100/100)', 350.00, 400, 1, 2, 1, 1, 1, '4,', '2014-09-27 18:04:31'),
(165, 165, 'Белые грибы маринованные', 'подаются с красным луком и помидрами черри ', 450.00, 100, 1, 2, 1, 1, 1, '4,', '2014-09-27 18:04:31'),
(166, 166, 'Маслины и оливки " Maestro de Oliva" Испания', 'Ассорти гигантских  маслин и оливок с косточкой (75/75)', 280.00, 150, 1, 2, 1, 1, 1, '4,', '2014-09-27 18:04:31'),
(167, 167, 'Овощи натуральные со свежей зеленью', 'Свежие помидоры, огурцы, редис, сладкий перец и зелень (50/50/30/50/20)', 390.00, 200, 1, 2, 1, 1, 1, '4,', '2014-09-27 18:04:31'),
(168, 168, 'Ассорти из разнообразных сыров', 'Сыр Камамбер, Грана Подана, Дор Блю,Чеддер, козий сыр подаётся с медом, грецкими орехами и виноградом (30/30/30/30/30/50/15/50)', 670.00, 265, 1, 2, 1, 1, 1, '4,', '2014-09-27 18:04:31'),
(169, 169, 'Салат овощной', 'Бакинские помидоры, огурец, редис, болгарский перец, зелень Заправляется ароматным маслом ', 410.00, 250, 1, 3, 1, 1, 1, '4,', '2014-09-27 18:04:31'),
(170, 170, 'Салат из свежих огурцов и бакинских томатов ', 'с творожным соусом (180/60)', 390.00, 240, 1, 3, 1, 1, 1, '4,', '2014-09-27 18:04:31'),
(171, 171, 'Салат из томатов с красным луком ', 'Салат из томатови красного лука Заправляется "Бальзамико" и соусом Песто (200/15/30)', 390.00, 245, 1, 3, 1, 1, 1, '4,', '2014-09-27 18:04:31'),
(172, 172, 'Салат с руккола, креветками и сыром моцарелла', 'Листья салата руккола, бакинские помидоры, тигровые креветки и сыр моцарелла Заправляется соусом бальзамик ', 690.00, 270, 1, 3, 1, 1, 1, '4,', '2014-09-27 18:04:31'),
(173, 173, 'Салат "Цезарь" с курицей', 'Листья салата с классической заправкой (170/80)', 510.00, 250, 1, 3, 1, 1, 1, '4,', '2014-09-27 18:04:31'),
(174, 174, 'Салат "Цезарь" с тигровыми креветками', 'Листья салата с классической заправкой (160/60)', 690.00, 220, 1, 3, 1, 1, 1, '4,', '2014-09-27 18:04:31'),
(175, 175, 'Салат с ростбифом, овощами и соусом Цезарь', 'Кусочки ростбифа, свежий огурец, редис, пармезан и соус Цезарь ', 530.00, 250, 1, 3, 1, 1, 1, '4,', '2014-09-27 18:04:31'),
(176, 176, 'Салат с говяжьим языком, шампиньонами и малиновым соусом', 'Отварной говяжий язык и шампиньоны, обжаренные с луком Заправляется сметаной и дижонской горчицей Подается с малиновым соусом (220/10)', 470.00, 230, 1, 3, 1, 1, 1, '4,', '2014-09-27 18:04:31'),
(177, 177, 'Мидии запечёные с белыми грибами и помидорами черри', 'в сливочно-сырном  соусе "Дор Блю" (120/50)', 480.00, 170, 1, 4, 1, 1, 1, '4,', '2014-09-27 18:04:31'),
(178, 178, 'Жульен грибной по-домашнему', 'из шампиньонов в  сливочном соусе  ', 280.00, 90, 1, 4, 1, 1, 1, '4,', '2014-09-27 18:04:31'),
(179, 179, 'Пирожки печеные с капустой', ' ', 50.00, 40, 1, 12, 1, 1, 1, '4,', '2014-09-27 18:04:31'),
(180, 180, 'Пирожки печеные с грибами и сыром', ' ', 50.00, 40, 1, 12, 1, 1, 1, '4,', '2014-09-27 18:04:31'),
(181, 181, 'Пирожки печеные с мясом', ' ', 70.00, 40, 1, 12, 1, 1, 1, '4,', '2014-09-27 18:04:31'),
(182, 182, 'Тальятелли с дарами моря', ' в сливочном соусе ', 640.00, 340, 1, 17, 1, 1, 1, '4,', '2014-09-27 18:04:31'),
(183, 183, 'Тальятелли с тигровыми креветками', 'в остром томатном соусе ', 570.00, 350, 1, 17, 1, 1, 1, '4,', '2014-09-27 18:04:31'),
(184, 184, 'Тальятелли с белыми грибами', ' ', 530.00, 310, 1, 17, 1, 1, 1, '4,', '2014-09-27 18:04:31'),
(185, 185, 'Уха', ' ', 590.00, 300, 1, 64, 1, 1, 1, '4,', '2014-09-27 18:04:31'),
(186, 186, 'Суп щавелевый со сметаной', ' (300/50)', 360.00, 350, 1, 64, 1, 1, 1, '4,', '2014-09-27 18:04:31'),
(187, 187, 'Борщ со сметаной и чесночными гренками', ' (300/50/30)', 350.00, 380, 1, 64, 1, 1, 1, '4,', '2014-09-27 18:04:31'),
(188, 188, 'Крем-суп из шампиньонов и белых грибов', ' ', 350.00, 300, 1, 64, 1, 1, 1, '4,', '2014-09-27 18:04:31'),
(189, 189, 'Стейк из лосося', 'подаётся с соусом Бешамель (150/50)', 630.00, 200, 1, 5, 1, 1, 1, '4,', '2014-09-27 18:04:31'),
(190, 190, 'Дорада', 'Запеченая Дорада с ароматом тимьяна ', 650.00, 200, 1, 5, 1, 1, 1, '4,', '2014-09-27 18:04:31'),
(191, 191, 'Филе сибас в "рукаве"', 'Филе сибас, запечёный в "рукаве" с помидорами "черри", сельдереем и маслинами в белом вине ', 760.00, 300, 1, 5, 1, 1, 1, '4,', '2014-09-27 18:04:31'),
(192, 192, 'Филе палтуса с грибами и щавелем', 'с соусом медово-горчичным (130/130/30)', 750.00, 290, 1, 5, 1, 1, 1, '4,', '2014-09-27 18:04:31'),
(193, 193, 'Телятина на косточке с домашней аджикой с чесноком', ' (170/50/40)', 810.00, 260, 1, 9, 1, 1, 1, '4,', '2014-09-27 18:04:31'),
(194, 194, 'Риб-ай стейк из мраморной говядины', ' ', 1900.00, 300, 1, 9, 1, 1, 1, '4,', '2014-09-27 18:04:31'),
(195, 195, 'Люля-кебаб из баранины с домашней аджикой с чесноком', ' (120/50/40)', 610.00, 210, 1, 9, 1, 1, 1, '4,', '2014-09-27 18:04:31'),
(196, 196, 'Ягнятины на косточке с домашней аджикой с чесноком', ' (180/50/40)', 930.00, 270, 1, 9, 1, 1, 1, '4,', '2014-09-27 18:04:31'),
(197, 197, 'Шашлык из даров моря с острым соусом ', 'тигровые креветки, морские гребешки, филе кальмара  (35/35/35/50/40)', 690.00, 195, 1, 10, 1, 1, 1, '4,', '2014-09-27 18:04:31'),
(198, 198, 'Шашлык из свинины с домашней аджикой ', ' (150/50/40)', 650.00, 240, 1, 10, 1, 1, 1, '4,', '2014-09-27 18:04:31'),
(199, 199, 'Медальоны из свинины в сливочном соусе', 'Обжаренные в беконе  медальоны из филе свинины, подаются со сливочным соусом с хреном  (140/60)', 670.00, 200, 1, 6, 1, 1, 1, '4,', '2014-09-27 18:04:31'),
(200, 200, 'Вырезка из говядины', 'подаётся с мясным соусом (150/50)', 790.00, 200, 1, 6, 1, 1, 1, '4,', '2014-09-27 18:04:31'),
(201, 201, 'Бефстроганов по-старорусски', 'Кусочки вырезки говядины с грибами, луком в сметанном соусе и маринованными огурчиками Подается с печеным картофелем и томатами (320/50/45)', 580.00, 415, 1, 6, 1, 1, 1, '4,', '2014-09-27 18:04:31'),
(202, 202, 'Каре ягнёнка (НОВАЯ ЗЕЛАНДИЯ )', 'Ягнятина на косточке, жареная в духовке, подаётся  с соусом из красного вина с розмарином и овощами (180/40/50)', 1510.00, 270, 1, 6, 1, 1, 1, '4,', '2014-09-27 18:04:31'),
(203, 203, 'Куриные потрошка', 'Куриные сердечки и печень в сметанном соусе ', 400.00, 190, 1, 7, 1, 1, 1, '4,', '2014-09-27 18:04:31'),
(204, 204, 'Домашние куриные котлетки с картофельным пюре', 'подаются с солёным огурцом  (150/100/60)', 530.00, 310, 1, 7, 1, 1, 1, '4,', '2014-09-27 18:04:31'),
(205, 205, 'Цыплёнок маринованный', 'Цыпленок маринованный и приготовленный по оригинальному рецепту от шефа ', 480.00, 350, 1, 7, 1, 1, 1, '4,', '2014-09-27 18:04:31'),
(206, 206, 'Утиное бедро с гречкой с белыми грибами и сливочным соусом', ' (150/150/50)', 590.00, 350, 1, 7, 1, 1, 1, '4,', '2014-09-27 18:04:31'),
(207, 207, 'Овощи на пару', ' ', 200.00, 150, 1, 11, 1, 1, 1, '4,', '2014-09-27 18:04:31'),
(208, 208, 'Овощи на гриле', 'Сладкий болгарский перец, баклажаны, цуккини и помидоры ', 200.00, 150, 1, 11, 1, 1, 1, '4,', '2014-09-27 18:04:31'),
(209, 209, 'Картофельное пюре', ' ', 200.00, 150, 1, 11, 1, 1, 1, '4,', '2014-09-27 18:04:31'),
(210, 210, 'Картофель запечёный', ' ', 200.00, 150, 1, 11, 1, 1, 1, '4,', '2014-09-27 18:04:31'),
(211, 211, 'Картофель фри', ' ', 200.00, 150, 1, 11, 1, 1, 1, '4,', '2014-09-27 18:04:31'),
(212, 212, 'Рис Басмати', ' ', 200.00, 150, 1, 11, 1, 1, 1, '4,', '2014-09-27 18:04:31'),
(213, 213, 'Домашняя аджика из свежих томатов с чесноком', ' ', 100.00, 50, 1, 65, 1, 1, 1, '4,', '2014-09-27 18:04:31'),
(214, 214, 'Соус гранатовый "Наршараб"', ' ', 100.00, 50, 1, 65, 1, 1, 1, '4,', '2014-09-27 18:04:31'),
(215, 215, '"Тар-Тар" соус ', 'Соус: майонез с огурцом ', 100.00, 50, 1, 65, 1, 1, 1, '4,', '2014-09-27 18:04:31'),
(216, 216, 'Сливочно-сырный соус', 'с ароматом белого вина и сыром "Дор Блю" ', 100.00, 50, 1, 65, 1, 1, 1, '4,', '2014-09-27 18:04:31'),
(217, 217, 'Сливочный соус с добавлением хрена', ' ', 100.00, 50, 1, 65, 1, 1, 1, '4,', '2014-09-27 18:04:31'),
(218, 218, '"Миль-фёй" с вишней', 'Домашний "Наполеон" с вишней (105/60)', 420.00, 165, 1, 63, 1, 1, 1, '4,', '2014-09-27 18:04:31'),
(219, 219, 'Торт Медовик', 'Торт медовый с ягодами и ванильным мороженым (115/60)', 420.00, 175, 1, 63, 1, 1, 1, '4,', '2014-09-27 18:04:31'),
(220, 220, 'Торт "Эстерхази"', 'подается с ягодами и карамельным соусом (90/15)', 290.00, 105, 1, 63, 1, 1, 1, '4,', '2014-09-27 18:04:31'),
(221, 221, 'Торт "Птичье Молоко"', 'Оригинальный рецепт от шефа-кондитера  ресторана "Времена Года" ', 270.00, 110, 1, 63, 1, 1, 1, '4,', '2014-09-27 18:04:31'),
(222, 222, 'Мусс шоколадный "Времена Года"', 'Мусс на основе творожного сыра, взбитых сливок и шоколада подается с ассорти орехов и вишневым соком ', 290.00, 160, 1, 63, 1, 1, 1, '4,', '2014-09-27 18:04:31'),
(223, 223, 'Ассорти свежих ягод', 'Голубика, ежевика, малина, клубника (40/40/40/40)', 790.00, 160, 1, 63, 1, 1, 1, '4,', '2014-09-27 18:04:31'),
(224, 224, 'Летняя фруктово-ягодная тарелка', 'Клубника, виноград, персик, груша, черешня, абрикос, слива, физалис (100/300/250/250/200/250/250/10) ', 2100.00, 1600, 1, 63, 1, 1, 1, '4,', '2014-09-27 18:04:31'),
(225, 225, 'Мороженое "Mövenpick" Ванильное', ' ', 190.00, 50, 1, 63, 1, 1, 1, '4,', '2014-09-27 18:04:31'),
(226, 226, 'Мороженое "Mövenpick" Шоколадное', ' ', 190.00, 50, 1, 63, 1, 1, 1, '4,', '2014-09-27 18:04:31'),
(227, 227, 'Мороженое "Mövenpick" Клубничное', ' ', 190.00, 50, 1, 63, 1, 1, 1, '4,', '2014-09-27 18:04:31'),
(228, 228, 'Российское Шампанское. Санкт-Питербург', '', 690.00, 750, 0, 18, 2, 1, 1, '4,', '2014-09-27 18:04:31'),
(229, 229, 'Российск. Шампанское Абрау -Дюрсо, Белое, золотой брют', '', 950.00, 750, 0, 18, 2, 1, 1, '4,', '2014-09-27 18:04:31'),
(230, 230, 'Российское Шампанское Абрау -Дюрсо, Красное, полусладкое', '', 950.00, 750, 0, 18, 2, 1, 1, '4,', '2014-09-27 18:04:31'),
(231, 231, 'Де Перрьер Блан де Блан. Брют. Эф. Джи. Ви. Эс .Франция', '', 1550.00, 750, 0, 18, 2, 1, 1, '4,', '2014-09-27 18:04:31'),
(232, 232, 'Вальдо Просекко Экстра Драй Док. Венето. Италия', '', 1950.00, 750, 0, 18, 2, 1, 1, '4,', '2014-09-27 18:04:31'),
(233, 233, 'Мартини Асти (сладкое). Песьоне, Турин. Италия', '', 2500.00, 750, 0, 18, 2, 1, 1, '4,', '2014-09-27 18:04:31'),
(234, 234, 'Мартини Просекко. Венето. Италия', '', 2300.00, 750, 0, 18, 2, 1, 1, '4,', '2014-09-27 18:04:31'),
(235, 235, 'Креман д’Эльзас Деми-сек. Рене Мюре. Франция', '', 2800.00, 750, 0, 18, 2, 1, 1, '4,', '2014-09-27 18:04:31'),
(236, 236, 'Лансон Блэк Лейбл Брют. Лансон. Франция', '', 4300.00, 750, 0, 18, 2, 1, 1, '4,', '2014-09-27 18:04:31'),
(237, 237, 'Лансон Розе Лейбл Брют Розе. Лансон. Франция', '', 6300.00, 750, 0, 18, 2, 1, 1, '4,', '2014-09-27 18:04:31'),
(238, 238, 'Моэт Шандон. Брют Империал. Франция', '', 6900.00, 750, 0, 18, 2, 1, 1, '4,', '2014-09-27 18:04:31'),
(239, 239, 'Пеш Рок Блан. (полусухое)', '', 950.00, 750, 0, 35, 2, 1, 1, '4,', '2014-09-27 18:04:31'),
(240, 240, 'Шато Мейн Паргад. Бордо ', '', 950.00, 750, 0, 35, 2, 1, 1, '4,', '2014-09-27 18:04:31'),
(241, 241, 'Бордо. Барон Филипп де Ротшильд Блан', '', 1150.00, 750, 0, 35, 2, 1, 1, '4,', '2014-09-27 18:04:31'),
(242, 242, 'Шардонне."Шевалье Лакассан"', '', 1200.00, 750, 0, 35, 2, 1, 1, '4,', '2014-09-27 18:04:31'),
(243, 243, 'Шардонне. Ла Гаре. Жорж Дюбеф', '', 1490.00, 750, 0, 35, 2, 1, 1, '4,', '2014-09-27 18:04:31'),
(244, 244, 'Совиньон "Таркет". Кот де Гасконь', '', 1900.00, 750, 0, 35, 2, 1, 1, '4,', '2014-09-27 18:04:31'),
(245, 245, 'Сансерр Блан "Ле Кайотт". Жан-Макс Роже ', '', 3750.00, 750, 0, 35, 2, 1, 1, '4,', '2014-09-27 18:04:31'),
(246, 246, 'Шабли. Ларош ', '', 3700.00, 750, 0, 35, 2, 1, 1, '4,', '2014-09-27 18:04:31'),
(247, 247, 'Шабли Премьер Крю. Симоне-Февр. Бургундия', '', 3950.00, 750, 0, 35, 2, 1, 1, '4,', '2014-09-27 18:04:31'),
(248, 248, 'Шабли Премьер Крю. Домейн Ларош. ', '', 5925.00, 750, 0, 35, 2, 1, 1, '4,', '2014-09-27 18:04:31'),
(249, 249, 'Орвието. Минини', '', 1280.00, 750, 0, 36, 2, 1, 1, '4,', '2014-09-27 18:04:31'),
(250, 250, 'Пино Гриджио. Конте Фоско делле Венецие', '', 1300.00, 750, 0, 36, 2, 1, 1, '4,', '2014-09-27 18:04:31'),
(251, 251, 'Соаве Классико Корте Менини ', '', 2100.00, 750, 0, 36, 2, 1, 1, '4,', '2014-09-27 18:04:31'),
(252, 252, 'Ла Сегрета. Планета. Сицилия', '', 2300.00, 750, 0, 36, 2, 1, 1, '4,', '2014-09-27 18:04:31'),
(253, 253, 'Мастро. Мастроберардино. Кампания', '', 2400.00, 750, 0, 36, 2, 1, 1, '4,', '2014-09-27 18:04:31'),
(254, 254, 'Гави ди Гави. Вилла Спарина ', '', 2690.00, 750, 0, 36, 2, 1, 1, '4,', '2014-09-27 18:04:31'),
(255, 255, 'Маркес де Касерес Бланко', '', 1450.00, 750, 0, 37, 2, 1, 1, '4,', '2014-09-27 18:04:31'),
(256, 256, 'Шардоне Монтемар Андес. Централ Вэлли ', '', 1190.00, 750, 0, 38, 2, 1, 1, '4,', '2014-09-27 18:04:31'),
(257, 257, 'Мапу Совиньон Блан. Барон Филипп де Ротшильд ', '', 980.00, 750, 0, 38, 2, 1, 1, '4,', '2014-09-27 18:04:31'),
(258, 258, 'Савиньон Блан  "Такун". Резерва. Централ Вэлли ', '', 1200.00, 750, 0, 38, 2, 1, 1, '4,', '2014-09-27 18:04:31'),
(259, 259, 'Шардоне Эскудо Рохо. Барон Филипп де Ротшильд', '', 2690.00, 750, 0, 38, 2, 1, 1, '4,', '2014-09-27 18:04:31'),
(260, 260, 'Бордо. Барон Филипп де Ротшильд Розе.Франция', '', 1150.00, 750, 0, 39, 2, 1, 1, '4,', '2014-09-27 18:04:31'),
(261, 261, 'Тускулум Бьянко. Казама. Италия (полусладкое)', '', 950.00, 750, 0, 40, 2, 1, 1, '4,', '2014-09-27 18:04:31'),
(262, 262, 'Бордо. Барон Филипп де Ротшильд Руж', '', 1150.00, 750, 0, 42, 2, 1, 1, '4,', '2014-09-27 18:04:31'),
(263, 263, 'Мерло "Шевалье Лакассан". Лангедок-Руссильон', '', 1200.00, 750, 0, 42, 2, 1, 1, '4,', '2014-09-27 18:04:31'),
(264, 264, 'Шато Де Креси. Бордо', '', 1450.00, 750, 0, 42, 2, 1, 1, '4,', '2014-09-27 18:04:31'),
(265, 265, 'Каберне Совиньон. Жорж Дюбеф ', '', 2100.00, 750, 0, 42, 2, 1, 1, '4,', '2014-09-27 18:04:31'),
(266, 266, 'Бургонь Пино Нуар. Шарль Эне', '', 2200.00, 750, 0, 42, 2, 1, 1, '4,', '2014-09-27 18:04:31'),
(267, 267, 'Бруйи. Анри Фесси. Бургундия', '', 2450.00, 750, 0, 42, 2, 1, 1, '4,', '2014-09-27 18:04:31'),
(268, 268, 'Кот дю Рон. Долина Роны. Е. Гигаль', '', 3150.00, 750, 0, 42, 2, 1, 1, '4,', '2014-09-27 18:04:31'),
(269, 269, 'Шато Гайар. Гран Крю. Сэнт-Эмильон. Бордо ', '', 5250.00, 750, 0, 42, 2, 1, 1, '4,', '2014-09-27 18:04:31'),
(270, 270, 'Терре Аллегре. Санджовезе. Апулия (полусладкое)', '', 950.00, 750, 0, 43, 2, 1, 1, '4,', '2014-09-27 18:04:31'),
(271, 271, 'Терре Аллегре. Санджовезе. Апулия (полусухое)', '', 950.00, 750, 0, 43, 2, 1, 1, '4,', '2014-09-27 18:04:31'),
(272, 272, 'Кьянти. Минини. Тоскана. Италия ', '', 1300.00, 750, 0, 43, 2, 1, 1, '4,', '2014-09-27 18:04:31'),
(273, 273, 'Ла Сегрета. Планета. Сицилия', '', 2300.00, 750, 0, 43, 2, 1, 1, '4,', '2014-09-27 18:04:31'),
(274, 274, 'Мастро. Мастроберардино. Кампания', '', 2400.00, 750, 0, 43, 2, 1, 1, '4,', '2014-09-27 18:04:31'),
(275, 275, 'Вальполичелла Классико', '', 3200.00, 750, 0, 43, 2, 1, 1, '4,', '2014-09-27 18:04:31'),
(276, 276, 'Кьянти Классико. Иль Молино ди Граче', '', 5400.00, 750, 0, 43, 2, 1, 1, '4,', '2014-09-27 18:04:31'),
(277, 277, 'Брунелло Ди Монтальчино. Капарцо ', '', 8900.00, 750, 0, 43, 2, 1, 1, '4,', '2014-09-27 18:04:31'),
(278, 278, 'Ла Вендимия. Риоха. Бодегас Паласиос Ремондо', '', 2400.00, 750, 0, 44, 2, 1, 1, '4,', '2014-09-27 18:04:31'),
(279, 279, 'Маркиз де Касерес Резерва. Риоха  ', '', 4750.00, 750, 0, 44, 2, 1, 1, '4,', '2014-09-27 18:04:31'),
(280, 280, 'Карменер Резерва.  Барон Филипп де Ротшильд    ', '', 2690.00, 750, 0, 45, 2, 1, 1, '4,', '2014-09-27 18:04:31'),
(281, 281, 'МАПУ Мерло. Барон Филипп де Ротшильд    ', '', 980.00, 750, 0, 45, 2, 1, 1, '4,', '2014-09-27 18:04:31'),
(282, 282, 'Эскудо Рохо.  Барон Филипп де Ротшильд ', '', 2710.00, 750, 0, 45, 2, 1, 1, '4,', '2014-09-27 18:04:31'),
(283, 283, 'Мерло, Монтес Альфа , Колчагуа Вэлли', '', 3200.00, 750, 0, 45, 2, 1, 1, '4,', '2014-09-27 18:04:31'),
(284, 284, 'Мальбек. Финка ла Линда. Мендоса', '', 1150.00, 750, 0, 46, 2, 1, 1, '4,', '2014-09-27 18:04:31'),
(285, 285, 'Ла Капра Пинотаж. Паарл. Фэирвью', '', 1800.00, 750, 0, 47, 2, 1, 1, '4,', '2014-09-27 18:04:31'),
(286, 286, 'Эвиан ', '', 190.00, 330, 0, 62, 2, 1, 1, '4,', '2014-09-27 18:04:31'),
(287, 287, 'Вода "Арджи" б/г', '', 150.00, 500, 0, 62, 2, 1, 1, '4,', '2014-09-27 18:04:31'),
(288, 288, 'Вода Архыз Б/Г', '', 150.00, 500, 0, 62, 2, 1, 1, '4,', '2014-09-27 18:04:31'),
(289, 289, 'Вита "Архыз" с/г', '', 150.00, 500, 0, 62, 2, 1, 1, '4,', '2014-09-27 18:04:31'),
(290, 290, 'Клюквенный морс', '', 90.00, 250, 0, 62, 2, 1, 1, '4,', '2014-09-27 18:04:31'),
(291, 291, 'Перрье ', '', 150.00, 330, 0, 62, 2, 1, 1, '4,', '2014-09-27 18:04:31'),
(292, 292, 'Борожоми', '', 190.00, 500, 0, 62, 2, 1, 1, '4,', '2014-09-27 18:04:31'),
(293, 293, 'Нарзан Элит ', '', 140.00, 330, 0, 62, 2, 1, 1, '4,', '2014-09-27 18:04:31');
INSERT INTO `dishes_history` (`id`, `dishid`, `name`, `description`, `price`, `weight`, `isbasic`, `menu_section`, `menu`, `createdby`, `isactive`, `changes`, `kogda`) VALUES
(294, 294, 'Ессентуки № 4 ', '', 150.00, 500, 0, 62, 2, 1, 1, '4,', '2014-09-27 18:04:31'),
(295, 295, 'Кока-Кола', '', 120.00, 250, 0, 62, 2, 1, 1, '4,', '2014-09-27 18:04:31'),
(296, 296, 'Кока-Кола лайт ', '', 120.00, 250, 0, 62, 2, 1, 1, '4,', '2014-09-27 18:04:31'),
(297, 297, 'Спрайт ', '', 120.00, 250, 0, 62, 2, 1, 1, '4,', '2014-09-27 18:04:31'),
(298, 298, 'Швепс Тоник ', '', 120.00, 250, 0, 62, 2, 1, 1, '4,', '2014-09-27 18:04:31'),
(299, 299, 'Апельсиновый  ', '', 300.00, 200, 0, 48, 2, 1, 1, '4,', '2014-09-27 18:04:31'),
(300, 300, 'Грейпфрутовый ', '', 300.00, 200, 0, 48, 2, 1, 1, '4,', '2014-09-27 18:04:31'),
(301, 301, 'Апельсиново-грейпфрутовый ', '', 300.00, 200, 0, 48, 2, 1, 1, '4,', '2014-09-27 18:04:31'),
(302, 302, 'Яблочный', '', 300.00, 200, 0, 48, 2, 1, 1, '4,', '2014-09-27 18:04:31'),
(303, 303, 'Морковный ', '', 200.00, 200, 0, 48, 2, 1, 1, '4,', '2014-09-27 18:04:31'),
(304, 304, 'Яблочно-морковный ', '', 300.00, 200, 0, 48, 2, 1, 1, '4,', '2014-09-27 18:04:31'),
(305, 305, 'Ананасовый ', '', 350.00, 200, 0, 48, 2, 1, 1, '4,', '2014-09-27 18:04:31'),
(306, 306, 'Сок сельдерея ', '', 250.00, 200, 0, 48, 2, 1, 1, '4,', '2014-09-27 18:04:31'),
(307, 307, 'Лимонный', '', 350.00, 200, 0, 48, 2, 1, 1, '4,', '2014-09-27 18:04:31'),
(308, 308, 'Гранатовый ', '', 450.00, 200, 0, 48, 2, 1, 1, '4,', '2014-09-27 18:04:31'),
(309, 309, 'СОКИ "RICH" В АСCОРТИМЕНТЕ ', '', 300.00, 1000, 0, 49, 2, 1, 1, '4,', '2014-09-27 18:04:31'),
(310, 310, 'Клюквенный морс', '', 360.00, 1000, 0, 49, 2, 1, 1, '4,', '2014-09-27 18:04:31'),
(311, 311, 'Апельсиновый ', '', 800.00, 1500, 0, 50, 2, 1, 1, '4,', '2014-09-27 18:04:31'),
(312, 312, 'Грейпфрутовый ', '', 800.00, 1500, 0, 50, 2, 1, 1, '4,', '2014-09-27 18:04:31'),
(313, 313, 'Мандариновый ', '', 850.00, 1500, 0, 50, 2, 1, 1, '4,', '2014-09-27 18:04:31'),
(314, 314, 'Яблочный ', '', 800.00, 1500, 0, 50, 2, 1, 1, '4,', '2014-09-27 18:04:31'),
(315, 315, 'Ананасовый  ', '', 850.00, 1500, 0, 50, 2, 1, 1, '4,', '2014-09-27 18:04:31'),
(316, 316, 'Лимонный ', '', 800.00, 1500, 0, 50, 2, 1, 1, '4,', '2014-09-27 18:04:31'),
(317, 317, 'Имбирный с лимоном  ', '', 900.00, 1500, 0, 50, 2, 1, 1, '4,', '2014-09-27 18:04:31'),
(318, 318, 'Безалкогольный Мохито ', '', 290.00, 300, 0, 20, 2, 1, 1, '4,', '2014-09-27 18:04:31'),
(319, 319, 'Безалкогольный Мохито - Клубничный', '', 340.00, 300, 0, 20, 2, 1, 1, '4,', '2014-09-27 18:04:31'),
(320, 320, 'Имбирный коктейль ', '', 180.00, 300, 0, 20, 2, 1, 1, '4,', '2014-09-27 18:04:31'),
(321, 321, 'Ванильный Молочный Коктейль ', '', 250.00, 300, 0, 20, 2, 1, 1, '4,', '2014-09-27 18:04:31'),
(322, 322, 'Шоколадный Молочный Коктейль ', '', 250.00, 300, 0, 20, 2, 1, 1, '4,', '2014-09-27 18:04:31'),
(323, 323, 'Клубничный Молочный Коктейль ', '', 350.00, 300, 0, 20, 2, 1, 1, '4,', '2014-09-27 18:04:31'),
(324, 324, 'Крушовице Империал светлое', '', 350.00, 500, 0, 21, 2, 1, 1, '4,', '2014-09-27 18:04:31'),
(325, 325, 'Велкопоповицкий Козел светлое ', '', 260.00, 500, 0, 21, 2, 1, 1, '4,', '2014-09-27 18:04:31'),
(326, 326, 'Велкопоповицкий Козел тёмное ', '', 240.00, 500, 0, 21, 2, 1, 1, '4,', '2014-09-27 18:04:31'),
(327, 327, '"Гролш" безалкогольное ', '', 290.00, 330, 0, 21, 2, 1, 1, '4,', '2014-09-27 18:04:31'),
(328, 328, 'Глинтвейн ', '', 290.00, 200, 0, 22, 2, 1, 1, '4,', '2014-09-27 18:04:31'),
(329, 329, 'Кир Ройал ', '', 250.00, 150, 0, 22, 2, 1, 1, '4,', '2014-09-27 18:04:31'),
(330, 330, 'Кровавая Мэри ', '', 190.00, 200, 0, 22, 2, 1, 1, '4,', '2014-09-27 18:04:31'),
(331, 331, 'Кампари Оранж ', '', 250.00, 200, 0, 22, 2, 1, 1, '4,', '2014-09-27 18:04:31'),
(332, 332, 'Куба Либре (Ром Кола) ', '', 360.00, 300, 0, 22, 2, 1, 1, '4,', '2014-09-27 18:04:31'),
(333, 333, 'Голубая Лагуна', '', 300.00, 130, 0, 22, 2, 1, 1, '4,', '2014-09-27 18:04:31'),
(334, 334, 'Джин Тоник ', '', 360.00, 300, 0, 22, 2, 1, 1, '4,', '2014-09-27 18:04:31'),
(335, 335, 'Виски Кола ', '', 360.00, 300, 0, 22, 2, 1, 1, '4,', '2014-09-27 18:04:31'),
(336, 336, 'Лонг Айленд Айс Ти ', '', 450.00, 300, 0, 22, 2, 1, 1, '4,', '2014-09-27 18:04:31'),
(337, 337, 'Мохито ', '', 360.00, 300, 0, 22, 2, 1, 1, '4,', '2014-09-27 18:04:31'),
(338, 338, 'Мохито Клубничный ', '', 410.00, 300, 0, 22, 2, 1, 1, '4,', '2014-09-27 18:04:31'),
(339, 339, 'Маргарита Классическая ', '', 300.00, 120, 0, 22, 2, 1, 1, '4,', '2014-09-27 18:04:31'),
(340, 340, 'Маргарита Клубничная', '', 390.00, 130, 0, 22, 2, 1, 1, '4,', '2014-09-27 18:04:31'),
(341, 341, 'Космополитен ', '', 300.00, 130, 0, 22, 2, 1, 1, '4,', '2014-09-27 18:04:31'),
(342, 342, 'Б-52 ', '', 290.00, 45, 0, 22, 2, 1, 1, '4,', '2014-09-27 18:04:31'),
(343, 343, 'Кампари', '', 3800.00, 1000, 0, 23, 2, 1, 1, '4,', '2014-09-27 18:04:31'),
(344, 344, 'Мартини Бьянко или Розе ', '', 4000.00, 1000, 0, 23, 2, 1, 1, '4,', '2014-09-27 18:04:31'),
(345, 345, 'Мартини Россо ', '', 4400.00, 1000, 0, 23, 2, 1, 1, '4,', '2014-09-27 18:04:31'),
(346, 346, 'Фернет Бранка ', '', 4620.00, 700, 0, 23, 2, 1, 1, '4,', '2014-09-27 18:04:31'),
(347, 347, 'Фернет Бранка Менте ', '', 4760.00, 700, 0, 23, 2, 1, 1, '4,', '2014-09-27 18:04:31'),
(348, 348, 'Порто Рамош Пинто Руби', '', 3700.00, 750, 0, 24, 2, 1, 1, '4,', '2014-09-27 18:04:31'),
(349, 349, 'Самбука ', '', 2800.00, 700, 0, 25, 2, 1, 1, '4,', '2014-09-27 18:04:31'),
(350, 350, 'Крем де Кассис (Чёрная смородина)', '', 2800.00, 700, 0, 25, 2, 1, 1, '4,', '2014-09-27 18:04:31'),
(351, 351, 'Бейлиз ', '', 5600.00, 1000, 0, 25, 2, 1, 1, '4,', '2014-09-27 18:04:31'),
(352, 352, 'Куантро ', '', 7000.00, 1000, 0, 25, 2, 1, 1, '4,', '2014-09-27 18:04:31'),
(353, 353, 'Калуа ', '', 6000.00, 1000, 0, 25, 2, 1, 1, '4,', '2014-09-27 18:04:31'),
(354, 354, 'Ягермайстер', '', 3900.00, 1000, 0, 25, 2, 1, 1, '4,', '2014-09-27 18:04:31'),
(355, 355, 'Биффитер', '', 6000.00, 1000, 0, 26, 2, 1, 1, '4,', '2014-09-27 18:04:31'),
(356, 356, 'Столичная ', '', 1200.00, 500, 0, 26, 2, 1, 1, '4,', '2014-09-27 18:04:31'),
(357, 357, 'Русский Стандарт ', '', 1600.00, 500, 0, 26, 2, 1, 1, '4,', '2014-09-27 18:04:31'),
(358, 358, 'Русский Стандарт Платинум ', '', 2300.00, 500, 0, 26, 2, 1, 1, '4,', '2014-09-27 18:04:31'),
(359, 359, 'Белое Золото ', '', 2380.00, 700, 0, 26, 2, 1, 1, '4,', '2014-09-27 18:04:31'),
(360, 360, 'Белое Золото ', '', 1700.00, 500, 0, 26, 2, 1, 1, '4,', '2014-09-27 18:04:31'),
(361, 361, 'Белое Золото Премиум', '', 2400.00, 500, 0, 26, 2, 1, 1, '4,', '2014-09-27 18:04:31'),
(362, 362, 'Белуга ', '', 2500.00, 500, 0, 26, 2, 1, 1, '4,', '2014-09-27 18:04:31'),
(363, 363, 'Камино Реал Бланко ', '', 3000.00, 750, 0, 27, 2, 1, 1, '4,', '2014-09-27 18:04:31'),
(364, 364, 'Текила Ольмека Серебряная ', '', 7200.00, 1000, 0, 27, 2, 1, 1, '4,', '2014-09-27 18:04:31'),
(365, 365, 'Текила Ольмека Золотая', '', 7600.00, 1000, 0, 27, 2, 1, 1, '4,', '2014-09-27 18:04:31'),
(366, 366, 'Бакарди Белый ', '', 5000.00, 1000, 0, 28, 2, 1, 1, '4,', '2014-09-27 18:04:31'),
(367, 367, 'Бакарди Чёрный', '', 6000.00, 1000, 0, 28, 2, 1, 1, '4,', '2014-09-27 18:04:31'),
(368, 368, 'Бакарди Оакхарт Пряный ', '', 6000.00, 1000, 0, 28, 2, 1, 1, '4,', '2014-09-27 18:04:31'),
(369, 369, 'Бакарди Золотой ', '', 4125.00, 750, 0, 28, 2, 1, 1, '4,', '2014-09-27 18:04:31'),
(370, 370, 'Джеймесон', '', 7600.00, 1000, 0, 29, 2, 1, 1, '4,', '2014-09-27 18:04:31'),
(371, 371, 'Вильям Лоусонс', '', 2250.00, 750, 0, 29, 2, 1, 1, '4,', '2014-09-27 18:04:31'),
(372, 372, 'Дюарс Уайт Лейбл', '', 4980.00, 1000, 0, 29, 2, 1, 1, '4,', '2014-09-27 18:04:31'),
(373, 373, 'Баллантайнс ', '', 7600.00, 1000, 0, 29, 2, 1, 1, '4,', '2014-09-27 18:04:31'),
(374, 374, 'Джек Дениэлс', '', 8400.00, 1000, 0, 29, 2, 1, 1, '4,', '2014-09-27 18:04:31'),
(375, 375, 'Джонни Уокер Ред Лэйбл ', '', 7600.00, 1000, 0, 29, 2, 1, 1, '4,', '2014-09-27 18:04:31'),
(376, 376, 'Джонни Уокер Блэк Лэйбл ', '', 11200.00, 1000, 0, 29, 2, 1, 1, '4,', '2014-09-27 18:04:31'),
(377, 377, 'Чивас Ригал 12 л. ', '', 11800.00, 1000, 0, 29, 2, 1, 1, '4,', '2014-09-27 18:04:31'),
(378, 378, 'Чивас Ригал 18 л. ', '', 19800.00, 1000, 0, 29, 2, 1, 1, '4,', '2014-09-27 18:04:31'),
(379, 379, 'Мартель V.S.O.P.', '', 17000.00, 1000, 0, 30, 2, 1, 1, '4,', '2014-09-27 18:04:31'),
(380, 380, 'Мартель V.S.O.P.', '', 11900.00, 700, 0, 30, 2, 1, 1, '4,', '2014-09-27 18:04:31'),
(381, 381, 'Мартель ХО', '', 37000.00, 1000, 0, 30, 2, 1, 1, '4,', '2014-09-27 18:04:31'),
(382, 382, 'Мартель X.O. ', '', 25900.00, 700, 0, 30, 2, 1, 1, '4,', '2014-09-27 18:04:31'),
(383, 383, 'Хеннесси V.S.O.P. ', '', 18000.00, 1000, 0, 30, 2, 1, 1, '4,', '2014-09-27 18:04:31'),
(384, 384, 'Хеннесси V.S.O.P. ', '', 12600.00, 700, 0, 30, 2, 1, 1, '4,', '2014-09-27 18:04:31'),
(385, 385, 'Хеннесси X.O. ', '', 35560.00, 700, 0, 30, 2, 1, 1, '4,', '2014-09-27 18:04:31'),
(386, 386, 'Арарат ***** 5л.  ', '', 3500.00, 500, 0, 31, 2, 1, 1, '4,', '2014-09-27 18:04:31'),
(387, 387, 'Арарат "Ани"  6 л. ', '', 3700.00, 500, 0, 31, 2, 1, 1, '4,', '2014-09-27 18:04:31'),
(388, 388, 'Арарат "Отборный" 7 л.', '', 4200.00, 500, 0, 31, 2, 1, 1, '4,', '2014-09-27 18:04:31'),
(389, 389, 'Ристретто ', '', 150.00, 15, 0, 32, 2, 1, 1, '4,', '2014-09-27 18:04:31'),
(390, 390, 'Эспрессо ', '', 150.00, 40, 0, 32, 2, 1, 1, '4,', '2014-09-27 18:04:31'),
(391, 391, 'Двойной эспрессо ', '', 250.00, 80, 0, 32, 2, 1, 1, '4,', '2014-09-27 18:04:31'),
(392, 392, 'Американо ', '', 150.00, 100, 0, 32, 2, 1, 1, '4,', '2014-09-27 18:04:31'),
(393, 393, 'Каппучино ', '', 220.00, 220, 0, 32, 2, 1, 1, '4,', '2014-09-27 18:04:31'),
(394, 394, 'Латте', '', 220.00, 250, 0, 32, 2, 1, 1, '4,', '2014-09-27 18:04:31'),
(395, 395, 'По-восточному ', '', 160.00, 200, 0, 32, 2, 1, 1, '4,', '2014-09-27 18:04:31'),
(396, 396, 'Ирландский Кофе ', '', 320.00, 200, 0, 32, 2, 1, 1, '4,', '2014-09-27 18:04:31'),
(397, 397, 'Кофе “Бейлиз”', '', 320.00, 200, 0, 32, 2, 1, 1, '4,', '2014-09-27 18:04:31'),
(398, 398, 'Какао ', '', 210.00, 200, 0, 32, 2, 1, 1, '4,', '2014-09-27 18:04:31'),
(399, 399, 'Цейлон ', '', 290.00, 400, 0, 51, 2, 1, 1, '4,', '2014-09-27 18:04:31'),
(400, 400, 'Чёрный байховый с чабрецом ', '', 290.00, 400, 0, 51, 2, 1, 1, '4,', '2014-09-27 18:04:31'),
(401, 401, 'Дарджилинг ', '', 290.00, 400, 0, 51, 2, 1, 1, '4,', '2014-09-27 18:04:31'),
(402, 402, 'Эрл Грей ', '', 290.00, 400, 0, 51, 2, 1, 1, '4,', '2014-09-27 18:04:31'),
(403, 403, 'Пуэр Императорский ', '', 350.00, 400, 0, 51, 2, 1, 1, '4,', '2014-09-27 18:04:31'),
(404, 404, 'Чунь-Ми', '', 290.00, 400, 0, 52, 2, 1, 1, '4,', '2014-09-27 18:04:31'),
(405, 405, 'Жасмин Чунг Хао', '', 350.00, 400, 0, 52, 2, 1, 1, '4,', '2014-09-27 18:04:31'),
(406, 406, 'Молочный Улун', '', 350.00, 400, 0, 52, 2, 1, 1, '4,', '2014-09-27 18:04:31'),
(407, 407, 'Серебряные Иглы ', '', 350.00, 400, 0, 53, 2, 1, 1, '4,', '2014-09-27 18:04:31'),
(408, 408, 'Земляника со сливками', '', 350.00, 400, 0, 54, 2, 1, 1, '4,', '2014-09-27 18:04:31'),
(409, 409, 'Мятный отвар ', '', 290.00, 400, 0, 55, 2, 1, 1, '4,', '2014-09-27 18:04:31');

-- --------------------------------------------------------

--
-- Table structure for table `dishes_in_orders`
--

CREATE TABLE IF NOT EXISTS `dishes_in_orders` (
  `id` bigint(20) unsigned NOT NULL AUTO_INCREMENT,
  `orderid` int(11) NOT NULL,
  `dishid` int(11) NOT NULL,
  `price` float(7,2) unsigned NOT NULL,
  `num` float unsigned NOT NULL,
  `note` text NOT NULL,
  PRIMARY KEY (`id`)
) ENGINE=InnoDB DEFAULT CHARSET=utf8 AUTO_INCREMENT=1 ;

-- --------------------------------------------------------

--
-- Table structure for table `dishes_in_orders_history`
--

CREATE TABLE IF NOT EXISTS `dishes_in_orders_history` (
  `orderid` int(11) NOT NULL,
  `dishid` int(11) NOT NULL,
  `price` float(7,2) NOT NULL,
  `num` int(11) NOT NULL,
  `note` text NOT NULL
) ENGINE=InnoDB DEFAULT CHARSET=utf8;

-- --------------------------------------------------------

--
-- Table structure for table `emails`
--

CREATE TABLE IF NOT EXISTS `emails` (
  `id` int(11) NOT NULL AUTO_INCREMENT,
  `orderid` int(11) NOT NULL,
  `userid` int(11) NOT NULL,
  `email` text NOT NULL,
  `copy` text NOT NULL,
  `subject` text NOT NULL,
  `body` text NOT NULL,
  `date` datetime NOT NULL,
  `filename` text NOT NULL,
  PRIMARY KEY (`id`),
  UNIQUE KEY `id` (`id`)
) ENGINE=InnoDB DEFAULT CHARSET=utf8 AUTO_INCREMENT=1 ;

-- --------------------------------------------------------

--
-- Table structure for table `events_in_orders`
--

CREATE TABLE IF NOT EXISTS `events_in_orders` (
  `id` int(11) NOT NULL AUTO_INCREMENT,
  `orderid` int(11) NOT NULL,
  `title` text NOT NULL,
  `todo` text NOT NULL,
  `targetdate` date NOT NULL,
  `notes` text NOT NULL,
  `executiveid` int(11) NOT NULL,
  `statusid` int(11) NOT NULL,
  `createdate` datetime NOT NULL,
  `creatorid` int(11) NOT NULL,
  PRIMARY KEY (`id`),
  UNIQUE KEY `id` (`id`)
) ENGINE=InnoDB DEFAULT CHARSET=utf8 AUTO_INCREMENT=1 ;

-- --------------------------------------------------------

--
-- Table structure for table `hall`
--

CREATE TABLE IF NOT EXISTS `hall` (
  `id` int(10) unsigned NOT NULL AUTO_INCREMENT,
  `name` tinytext NOT NULL,
  `description` text NOT NULL,
  `countofperson` tinytext NOT NULL,
  `isactive` int(11) NOT NULL,
  `width` int(11) NOT NULL,
  `height` int(11) NOT NULL,
  `isfull` int(11) NOT NULL,
  PRIMARY KEY (`id`)
) ENGINE=InnoDB  DEFAULT CHARSET=utf8 AUTO_INCREMENT=16 ;

--
-- Dumping data for table `hall`
--

INSERT INTO `hall` (`id`, `name`, `description`, `countofperson`, `isactive`, `width`, `height`, `isfull`) VALUES
(1, 'Веранда', 'Веранда', '40', 1, 510, 270, 0),
(2, 'Большой Зал', 'Большой Зал', '400', 1, 760, 480, 0),
(13, 'Беседки', 'Беседки', '48', 1, 330, 420, 0),
(14, 'Каминный Зал', 'Залы 1-го этажа', '170', 1, 560, 530, 1),
(15, 'Малый Зал', 'Залы 1-го этажа', '40', 1, 300, 400, 1);

-- --------------------------------------------------------

--
-- Table structure for table `halls_expansion`
--

CREATE TABLE IF NOT EXISTS `halls_expansion` (
  `parenthall` int(11) NOT NULL,
  `childhall` int(11) NOT NULL
) ENGINE=InnoDB DEFAULT CHARSET=utf8;

--
-- Dumping data for table `halls_expansion`
--

INSERT INTO `halls_expansion` (`parenthall`, `childhall`) VALUES
(14, 15);

-- --------------------------------------------------------

--
-- Table structure for table `menus`
--

CREATE TABLE IF NOT EXISTS `menus` (
  `id` int(11) NOT NULL AUTO_INCREMENT,
  `type_name` text NOT NULL,
  `createdate` datetime NOT NULL,
  `isactive` int(11) NOT NULL,
  `orderby` int(11) NOT NULL,
  PRIMARY KEY (`id`),
  UNIQUE KEY `id` (`id`)
) ENGINE=InnoDB  DEFAULT CHARSET=utf8 AUTO_INCREMENT=4 ;

--
-- Dumping data for table `menus`
--

INSERT INTO `menus` (`id`, `type_name`, `createdate`, `isactive`, `orderby`) VALUES
(1, 'Кухня', '2014-08-10 00:00:00', 1, 1),
(2, 'Бар', '2014-08-10 00:00:00', 1, 2),
(3, 'Меню Для Зала', '2014-08-10 00:00:00', 0, 3);

-- --------------------------------------------------------

--
-- Table structure for table `menu_sections`
--

CREATE TABLE IF NOT EXISTS `menu_sections` (
  `id` int(11) NOT NULL AUTO_INCREMENT,
  `section_name` text NOT NULL,
  `isdrink` int(11) NOT NULL,
  `level` int(11) NOT NULL,
  `parent_id` int(11) NOT NULL,
  `sortid` int(11) NOT NULL,
  `isactive` int(11) NOT NULL,
  PRIMARY KEY (`id`),
  UNIQUE KEY `id` (`id`)
) ENGINE=InnoDB  DEFAULT CHARSET=utf8 AUTO_INCREMENT=66 ;

--
-- Dumping data for table `menu_sections`
--

INSERT INTO `menu_sections` (`id`, `section_name`, `isdrink`, `level`, `parent_id`, `sortid`, `isactive`) VALUES
(1, ' СПЕЦИАЛЬНЫЕ БАНКЕТНЫЕ БЛЮДА И ЗАКУСКИ', 0, 1, 59, 0, 1),
(2, 'ХОЛОДНЫЕ ЗАКУСКИ', 0, 1, 59, 0, 1),
(3, 'САЛАТЫ', 0, 1, 59, 0, 1),
(4, 'ГОРЯЧИЕ ЗАКУСКИ', 0, 1, 59, 0, 1),
(5, 'ГОРЯЧИЕ БЛЮДА ИЗ РЫБЫ', 0, 1, 59, 0, 1),
(6, 'ГОРЯЧИЕ БЛЮДА ИЗ МЯСА', 0, 1, 59, 0, 1),
(7, 'ГОРЯЧИЕ БЛЮДА ИЗ ПТИЦЫ', 0, 1, 59, 0, 1),
(8, 'ГОРЯЧИЕ БЛЮДА ИЗ ДИЧИ', 0, 1, 59, 0, 1),
(9, 'БЛЮДА НА МАНГАЛЕ', 0, 1, 59, 0, 1),
(10, 'ШАШЛЫК', 0, 1, 59, 0, 1),
(11, 'ГАРНИРЫ', 0, 1, 59, 0, 1),
(12, 'ДОМАШНЯЯ ВЫПЕЧКА', 0, 1, 59, 0, 1),
(13, 'ПИРОЖКИ ПЕЧЁНЫЕ', 0, 2, 59, 0, 1),
(14, 'ПИРОЖКИ СЛОЕНЫЕ', 0, 2, 59, 0, 1),
(15, 'ТОРТЫ И ПИРОЖНЫЕ НА ЗАКАЗ', 0, 1, 59, 0, 1),
(16, 'СЫР И ДЕСЕРТЫ', 0, 1, 59, 0, 1),
(17, 'ПАСТА', 0, 1, 59, 0, 0),
(18, 'Шампанское, Просекко  и Игристые Вина', 1, 1, 60, 0, 1),
(19, 'БЕЗАЛКОГОЛЬНЫЕ НАПИТКИ ', 1, 0, 0, 3, 1),
(20, ' БЕЗАЛКОГОЛЬНЫЕ КОКТЕЙЛИ', 1, 2, 19, 0, 1),
(21, 'ПИВО БУТЫЛОЧНОЕ /РАЗЛИВНОЕ ', 1, 1, 60, 0, 1),
(22, 'КОКТЕЙЛИ ', 1, 1, 60, 0, 1),
(23, 'АППЕРИТИВЫ ', 1, 1, 60, 0, 1),
(24, 'ПОРТО ', 1, 1, 60, 0, 1),
(25, 'ЛИКЕРЫ ', 1, 1, 60, 0, 1),
(26, 'ДЖИН/ВОДКА', 1, 1, 60, 0, 1),
(27, 'ТЕКИЛА', 1, 1, 60, 0, 1),
(28, 'РОМ ', 1, 1, 60, 0, 1),
(29, 'ВИСКИ', 1, 1, 60, 0, 1),
(30, 'КОНЬЯК', 1, 1, 60, 0, 1),
(31, 'АРМЯНСКИЕ', 1, 1, 60, 0, 1),
(32, 'КОФЕ', 1, 1, 19, 0, 1),
(33, 'ЧАЙ в чайнике', 1, 1, 19, 0, 1),
(34, 'БЕЛОЕ ВИНО', 1, 1, 61, 0, 1),
(35, 'Франция', 1, 2, 34, 0, 1),
(36, 'Италия', 1, 2, 34, 0, 1),
(37, 'Испания', 1, 2, 34, 0, 1),
(38, 'Чили', 1, 2, 34, 0, 1),
(39, 'РОЗОВОЕ ВИНО', 1, 1, 61, 0, 1),
(40, 'ДЕСЕРТНОЕ ВИНО', 1, 1, 61, 0, 1),
(41, 'КРАСНОЕ ВИНО', 1, 1, 61, 0, 1),
(42, 'Франция', 1, 2, 41, 0, 1),
(43, 'Италия', 1, 2, 41, 0, 1),
(44, 'Испания ', 1, 2, 41, 0, 1),
(45, 'Чили ', 1, 2, 41, 0, 1),
(46, 'Аргентина ', 1, 2, 41, 0, 1),
(47, 'ЮАР', 1, 2, 41, 0, 1),
(48, 'СВЕЖЕВЫЖАТЫЙ СОК ', 1, 2, 19, 0, 1),
(49, 'СОКИ', 1, 2, 19, 0, 1),
(50, 'ДОМАШНИЙ ЛИМОНАД ', 1, 2, 19, 0, 1),
(51, 'Черный чай', 1, 2, 33, 0, 1),
(52, 'Зелёный чай ', 1, 2, 33, 0, 1),
(53, 'Белый чай ', 1, 2, 33, 0, 1),
(54, 'Фруктовый чай ', 1, 2, 33, 0, 1),
(55, 'Мятный чай', 1, 2, 33, 0, 1),
(56, 'Торт на заказ от 1 кг.', 0, 2, 15, 0, 1),
(57, 'Мини-эклеры', 0, 2, 15, 0, 1),
(58, 'Мини-пирожные', 0, 2, 15, 0, 1),
(59, 'БЛЮДА', 0, 0, 0, 0, 1),
(60, 'СПИРТНЫЕ НАПИТКИ', 1, 0, 0, 1, 1),
(61, 'ВИННАЯ КАРТА', 1, 0, 0, 2, 1),
(62, 'ВОДА', 1, 1, 19, 0, 1),
(63, 'ДЕСЕРТЫ', 0, 1, 59, 1, 0),
(64, 'СУПЫ', 0, 1, 59, 3, 0),
(65, 'СОУСЫ И ЗАПРАВКИ ', 0, 1, 59, 0, 1);

-- --------------------------------------------------------

--
-- Table structure for table `orders`
--

CREATE TABLE IF NOT EXISTS `orders` (
  `id` int(10) unsigned NOT NULL AUTO_INCREMENT,
  `creatorid` int(10) unsigned NOT NULL,
  `createdate` datetime NOT NULL,
  `clientid` int(10) unsigned NOT NULL,
  `eventdate` date NOT NULL,
  `eventtime` time NOT NULL,
  `guestcount` int(10) unsigned NOT NULL,
  `status` tinyint(1) unsigned NOT NULL,
  `managerid` int(10) NOT NULL,
  `hallid` int(10) unsigned NOT NULL,
  `type` text NOT NULL,
  `comment` text NOT NULL,
  `totaltime` int(10) unsigned NOT NULL,
  PRIMARY KEY (`id`)
) ENGINE=InnoDB DEFAULT CHARSET=utf8 AUTO_INCREMENT=1 ;

-- --------------------------------------------------------

--
-- Table structure for table `partytypes`
--

CREATE TABLE IF NOT EXISTS `partytypes` (
  `id` int(11) NOT NULL AUTO_INCREMENT,
  `name` text NOT NULL,
  PRIMARY KEY (`id`),
  UNIQUE KEY `id` (`id`)
) ENGINE=InnoDB  DEFAULT CHARSET=utf8 AUTO_INCREMENT=5 ;

--
-- Dumping data for table `partytypes`
--

INSERT INTO `partytypes` (`id`, `name`) VALUES
(1, 'Корпоратив'),
(2, 'День рождения'),
(3, 'Свадьба'),
(4, 'Поминки');

-- --------------------------------------------------------

--
-- Table structure for table `paymentmethods`
--

CREATE TABLE IF NOT EXISTS `paymentmethods` (
  `id` int(11) NOT NULL AUTO_INCREMENT,
  `name` text NOT NULL,
  `description` text NOT NULL,
  PRIMARY KEY (`id`),
  UNIQUE KEY `id` (`id`)
) ENGINE=InnoDB  DEFAULT CHARSET=utf8 AUTO_INCREMENT=4 ;

--
-- Dumping data for table `paymentmethods`
--

INSERT INTO `paymentmethods` (`id`, `name`, `description`) VALUES
(1, 'Наличные', 'Оплата наличными'),
(2, 'Безнал', 'Безналичная оплата'),
(3, 'Карта', 'Оплата банковской картой');

-- --------------------------------------------------------

--
-- Table structure for table `payments_in_orders`
--

CREATE TABLE IF NOT EXISTS `payments_in_orders` (
  `id` int(11) NOT NULL AUTO_INCREMENT,
  `orderid` int(11) NOT NULL,
  `summa` float NOT NULL,
  `method` int(11) NOT NULL,
  `ispayout` tinyint(1) NOT NULL,
  `comment` text NOT NULL,
  `createdby` int(11) NOT NULL,
  `paymentdate` date NOT NULL,
  `createdate` datetime NOT NULL,
  PRIMARY KEY (`id`),
  UNIQUE KEY `id` (`id`)
) ENGINE=InnoDB DEFAULT CHARSET=utf8 AUTO_INCREMENT=1 ;

-- --------------------------------------------------------

--
-- Table structure for table `services`
--

CREATE TABLE IF NOT EXISTS `services` (
  `id` int(10) unsigned NOT NULL AUTO_INCREMENT,
  `name` tinytext NOT NULL,
  `description` text NOT NULL,
  `price` float(7,2) unsigned NOT NULL,
  `byguestcount` tinyint(1) unsigned NOT NULL DEFAULT '0',
  `createdate` datetime NOT NULL,
  `isactive` tinyint(1) unsigned NOT NULL DEFAULT '1',
  `orderby` int(11) NOT NULL,
  `tocalculate` int(11) NOT NULL,
  PRIMARY KEY (`id`)
) ENGINE=InnoDB  DEFAULT CHARSET=utf8 AUTO_INCREMENT=17 ;

--
-- Dumping data for table `services`
--

INSERT INTO `services` (`id`, `name`, `description`, `price`, `byguestcount`, `createdate`, `isactive`, `orderby`, `tocalculate`) VALUES
(1, 'Музыкальная программа Диджей', '', 40000.00, 0, '2014-08-14 00:00:00', 1, 1, 0),
(2, 'Аренда зала (100 руб с человека)', '', 100.00, 1, '2014-08-14 00:00:00', 0, 0, 0),
(3, 'Аренда сцены (свет и мощность подключения)', '', 20000.00, 0, '2014-08-14 00:00:00', 1, 2, 0),
(4, 'Аренда балкона', '', 20000.00, 0, '2014-08-14 00:00:00', 1, 3, 0),
(5, 'Аренда зала после 24 часов (в час) 20000 рублей', '', 20000.00, 0, '2014-08-14 00:00:00', 1, 4, 0),
(6, 'Аренда зала', '100 руб с человека', 100.00, 0, '2014-08-17 11:29:13', 0, 0, 0),
(7, 'Аренда зала', '100 руб с человека', 100.00, 1, '2014-08-17 11:31:42', 0, 5, 0),
(8, 'Пробковый сбор', 'добавляется если клиент приходит со своим спиртым', 200.00, 1, '2014-08-26 15:00:11', 0, 6, 0),
(9, 'Скидка на кухню', 'Скидка на все блюда без учета чаевых', 0.00, 0, '2014-08-27 11:48:27', 1, 1, 1),
(10, 'Скидка на бар', 'Скидка на все напитки без учета чаевых', 0.00, 0, '2014-08-27 11:49:05', 1, 2, 1),
(12, 'Чаевые', 'Наценка за обслуживание кухни и бара без учета скидок', 10.00, 0, '2014-08-27 11:50:08', 1, 3, 1),
(13, 'Пробковый сбор', 'добавляется если клиент приходит со своим спиртным', 200.00, 1, '2014-08-31 18:39:25', 0, 6, 0),
(14, 'Пробковый сбор', 'добавляется если клиент приходит со своим спиртным', 300.00, 1, '2014-08-31 19:21:19', 1, 6, 0),
(15, 'ууу', 'ууу33333333', 333.00, 1, '2014-08-31 19:23:06', 0, 7, 0),
(16, 'Аренда зала', '300 руб с человека', 300.00, 1, '2014-09-14 00:20:11', 1, 5, 0);

-- --------------------------------------------------------

--
-- Table structure for table `services_in_orders`
--

CREATE TABLE IF NOT EXISTS `services_in_orders` (
  `id` bigint(20) unsigned NOT NULL AUTO_INCREMENT,
  `orderid` int(10) unsigned NOT NULL,
  `serviceid` int(10) unsigned NOT NULL,
  `price` float(7,2) unsigned NOT NULL,
  `discont` int(3) unsigned NOT NULL DEFAULT '0',
  `num` float unsigned NOT NULL,
  `comment` text NOT NULL,
  PRIMARY KEY (`id`)
) ENGINE=InnoDB DEFAULT CHARSET=utf8 COMMENT='заказы услуг' AUTO_INCREMENT=1 ;

-- --------------------------------------------------------

--
-- Table structure for table `services_in_orders_history`
--

CREATE TABLE IF NOT EXISTS `services_in_orders_history` (
  `orderid` int(10) unsigned NOT NULL,
  `serviceid` int(10) unsigned NOT NULL,
  `price` float(7,2) unsigned NOT NULL,
  `discont` int(3) unsigned NOT NULL DEFAULT '0',
  `num` float unsigned NOT NULL,
  `comment` text CHARACTER SET latin1 NOT NULL
) ENGINE=InnoDB DEFAULT CHARSET=utf8 COMMENT='заказы услуг';

-- --------------------------------------------------------

--
-- Table structure for table `tables`
--

CREATE TABLE IF NOT EXISTS `tables` (
  `id` int(11) NOT NULL AUTO_INCREMENT,
  `num` text NOT NULL,
  `persons` int(11) NOT NULL,
  `hallid` int(11) NOT NULL,
  `top` int(11) NOT NULL,
  `left` int(11) NOT NULL,
  `typeid` int(11) NOT NULL,
  `angle` int(11) NOT NULL,
  `group` int(11) NOT NULL,
  PRIMARY KEY (`id`),
  UNIQUE KEY `id` (`id`)
) ENGINE=InnoDB  DEFAULT CHARSET=utf8 AUTO_INCREMENT=231 ;

--
-- Dumping data for table `tables`
--

INSERT INTO `tables` (`id`, `num`, `persons`, `hallid`, `top`, `left`, `typeid`, `angle`, `group`) VALUES
(1, '66', 4, 1, 210, 30, 1, 0, 0),
(20, '60', 4, 1, 20, 330, 1, 0, 0),
(21, '62', 4, 1, 210, 430, 1, 0, 0),
(22, '67', 6, 1, 40, 50, 1, 0, 0),
(24, '65', 4, 1, 210, 120, 1, 0, 0),
(25, '63', 4, 1, 210, 330, 1, 0, 0),
(27, '61', 6, 1, 50, 430, 1, 0, 0),
(28, '64', 4, 1, 210, 220, 1, 0, 0),
(29, '10', 4, 2, 180, 20, 1, 90, 0),
(30, '11', 4, 2, 210, 80, 1, 90, 0),
(31, '12', 6, 2, 240, 20, 1, 90, 0),
(32, '13', 4, 2, 280, 80, 1, 90, 0),
(38, '30', 4, 2, 180, 710, 1, 0, 0),
(40, '31', 4, 2, 210, 650, 1, 0, 0),
(41, '32', 4, 2, 240, 710, 1, 0, 0),
(42, '33', 4, 2, 270, 650, 1, 0, 0),
(43, '34', 4, 2, 300, 710, 1, 0, 0),
(44, '35', 10, 2, 410, 670, 2, 0, 0),
(46, '20', 4, 2, 415, 285, 1, 0, 0),
(47, '20', 2, 2, 440, 285, 1, 0, 0),
(48, '22', 4, 2, 415, 410, 1, 0, 0),
(50, '50', 4, 2, 146, 275, 1, 0, 0),
(51, '52', 4, 2, 146, 320, 1, 0, 0),
(52, '40', 4, 2, 196, 242, 1, 0, 0),
(53, '41', 4, 2, 261, 241, 1, 0, 0),
(54, '42', 4, 2, 311, 275, 1, 0, 0),
(55, '43', 4, 2, 311, 330, 1, 0, 0),
(56, '44', 4, 2, 311, 378, 1, 0, 0),
(57, '45', 4, 2, 311, 433, 1, 0, 0),
(58, '46', 4, 2, 271, 470, 1, 0, 0),
(59, '47', 4, 2, 196, 467, 1, 0, 0),
(61, '55', 3, 2, 68, 276, 1, 0, 0),
(62, '56', 4, 2, 10, 350, 1, 0, 0),
(63, '57', 2, 2, 18, 291, 1, 0, 0),
(67, '68', 4, 1, 20, 170, 1, 0, 0),
(172, '71', 8, 13, 340, 60, 1, 0, 0),
(173, '72', 8, 13, 250, 60, 1, 0, 0),
(174, '73', 8, 13, 150, 60, 1, 0, 0),
(175, '74', 8, 13, 50, 60, 1, 0, 0),
(176, '75', 8, 13, 50, 250, 1, 0, 0),
(177, '76', 8, 13, 150, 250, 1, 0, 0),
(181, '54', 5, 2, 70, 355, 1, 0, 0),
(200, '14', 4, 2, 300, 20, 1, 90, 0),
(201, '21', 4, 2, 415, 350, 1, 0, 0),
(202, '21', 2, 2, 440, 350, 1, 0, 0),
(203, '53', 4, 2, 146, 378, 1, 0, 0),
(204, '22', 2, 2, 440, 410, 1, 0, 0),
(205, 'n15', 0, 14, 10, 400, 0, 0, 0),
(209, '54', 0, 2, 146, 433, 1, 0, 0),
(214, '36', 0, 2, 420, 600, 1, 0, 0),
(215, '16', 0, 2, 420, 10, 2, 0, 0),
(216, '1', 0, 14, 20, 260, 2, 0, 0),
(217, '2', 0, 14, 20, 390, 2, 0, 0),
(218, '5', 0, 14, 350, 460, 2, 0, 0),
(219, '4', 0, 14, 240, 460, 2, 0, 0),
(220, '7', 0, 14, 460, 270, 2, 0, 0),
(221, '6', 0, 14, 460, 380, 2, 0, 0),
(222, '3', 0, 14, 120, 460, 2, 0, 0),
(223, '1', 0, 15, 30, 70, 1, 0, 0),
(224, '5', 0, 15, 30, 200, 1, 0, 0),
(225, '2', 0, 15, 100, 70, 1, 0, 0),
(226, '6', 0, 15, 100, 200, 1, 0, 0),
(227, '3', 0, 15, 170, 70, 1, 0, 0),
(228, '7', 0, 15, 170, 200, 1, 0, 0),
(229, '4', 0, 15, 250, 70, 1, 0, 0),
(230, '8', 0, 15, 250, 200, 1, 0, 0);

-- --------------------------------------------------------

--
-- Table structure for table `tables_in_orders`
--

CREATE TABLE IF NOT EXISTS `tables_in_orders` (
  `orderid` int(11) NOT NULL,
  `tableid` int(11) NOT NULL
) ENGINE=InnoDB DEFAULT CHARSET=utf8;

-- --------------------------------------------------------

--
-- Table structure for table `tables_on_date`
--

CREATE TABLE IF NOT EXISTS `tables_on_date` (
  `id` int(11) NOT NULL AUTO_INCREMENT,
  `num` text NOT NULL,
  `persons` int(11) NOT NULL,
  `hallid` int(11) NOT NULL,
  `top` int(11) NOT NULL,
  `left` int(11) NOT NULL,
  `typeid` int(11) NOT NULL,
  `angle` int(11) NOT NULL,
  `group` int(11) NOT NULL,
  `orderid` int(11) NOT NULL,
  `date` date NOT NULL,
  `updatedby` int(11) NOT NULL,
  PRIMARY KEY (`id`),
  UNIQUE KEY `id` (`id`)
) ENGINE=InnoDB DEFAULT CHARSET=utf8 AUTO_INCREMENT=1 ;

-- --------------------------------------------------------

--
-- Table structure for table `table_types`
--

CREATE TABLE IF NOT EXISTS `table_types` (
  `typeid` int(11) NOT NULL AUTO_INCREMENT,
  `name` text NOT NULL,
  `width` int(11) NOT NULL,
  `height` int(11) NOT NULL,
  `image` text NOT NULL,
  `iscircle` int(11) NOT NULL,
  `istable` int(11) NOT NULL,
  UNIQUE KEY `typeid` (`typeid`)
) ENGINE=InnoDB  DEFAULT CHARSET=utf8 AUTO_INCREMENT=7 ;

--
-- Dumping data for table `table_types`
--

INSERT INTO `table_types` (`typeid`, `name`, `width`, `height`, `image`, `iscircle`, `istable`) VALUES
(1, 'Прямоугольный стол', 35, 25, '', 0, 1),
(2, 'Круглый стол', 50, 50, '', 1, 1),
(3, 'Кашпо с Цветами', 20, 20, '', 1, 0),
(4, 'Лестница', 60, 80, '', 0, 0),
(5, 'Дверь одинарная', 50, 15, '', 0, 0),
(6, 'Дверь двойная', 90, 15, '', 0, 0);

-- --------------------------------------------------------

--
-- Table structure for table `users`
--

CREATE TABLE IF NOT EXISTS `users` (
  `id` int(10) unsigned NOT NULL AUTO_INCREMENT,
  `login` tinytext COLLATE utf8_unicode_ci NOT NULL,
  `pass` tinytext COLLATE utf8_unicode_ci NOT NULL,
  `realname` tinytext COLLATE utf8_unicode_ci NOT NULL,
  `role` tinyint(1) unsigned NOT NULL DEFAULT '1',
  `isactive` tinyint(1) NOT NULL DEFAULT '1',
  PRIMARY KEY (`id`)
) ENGINE=InnoDB  DEFAULT CHARSET=utf8 COLLATE=utf8_unicode_ci AUTO_INCREMENT=6 ;

--
-- Dumping data for table `users`
--

INSERT INTO `users` (`id`, `login`, `pass`, `realname`, `role`, `isactive`) VALUES
(1, 'aabogachev@gmail.com', '6c14da109e294d1e8155be8aa4b1ce8e', 'Bogachev', 5, 1),
(2, 'petervolok@yandex.ru', '827ccb0eea8a706c4c34a16891f84e7b', 'PVolok', 5, 1),
(3, 'igor_pronin@mail.ru', '827ccb0eea8a706c4c34a16891f84e7b', 'Pronin', 5, 1),
(4, 'eee@yandex.ru', '3d2172418ce305c7d16d4b05597c6a59', 'qqq', 2, 0),
(5, '123@123.com', 'b0baee9d279d34fa1dfd71aadb908c3f', 'user1', 1, 0);

/*!40101 SET CHARACTER_SET_CLIENT=@OLD_CHARACTER_SET_CLIENT */;
/*!40101 SET CHARACTER_SET_RESULTS=@OLD_CHARACTER_SET_RESULTS */;
/*!40101 SET COLLATION_CONNECTION=@OLD_COLLATION_CONNECTION */;
