-- phpMyAdmin SQL Dump
-- version 3.5.1
-- http://www.phpmyadmin.net
--
-- Host: 127.0.0.1
-- Generation Time: Aug 25, 2014 at 08:06 PM
-- Server version: 5.5.25
-- PHP Version: 5.3.13

SET SQL_MODE="NO_AUTO_VALUE_ON_ZERO";
SET time_zone = "+00:00";


/*!40101 SET @OLD_CHARACTER_SET_CLIENT=@@CHARACTER_SET_CLIENT */;
/*!40101 SET @OLD_CHARACTER_SET_RESULTS=@@CHARACTER_SET_RESULTS */;
/*!40101 SET @OLD_COLLATION_CONNECTION=@@COLLATION_CONNECTION */;
/*!40101 SET NAMES utf8 */;

--
-- Database: `user346_vg`
--

-- --------------------------------------------------------

--
-- Table structure for table `avans`
--

CREATE TABLE IF NOT EXISTS `avans` (
  `id` int(10) unsigned NOT NULL AUTO_INCREMENT,
  `orderid` int(10) unsigned NOT NULL,
  `managerid` int(10) unsigned NOT NULL,
  `summa` float(7,2) unsigned NOT NULL,
  `kogda` datetime NOT NULL,
  PRIMARY KEY (`id`)
) ENGINE=InnoDB DEFAULT CHARSET=utf8 COMMENT='принятые авансы по заказам' AUTO_INCREMENT=1 ;

-- --------------------------------------------------------

--
-- Table structure for table `clients`
--

CREATE TABLE IF NOT EXISTS `clients` (
  `id` int(10) unsigned NOT NULL AUTO_INCREMENT,
  `name` tinytext NOT NULL,
  `phone` tinytext NOT NULL,
  `email` tinytext NOT NULL,
  `otkuda` tinytext NOT NULL,
  PRIMARY KEY (`id`)
) ENGINE=InnoDB  DEFAULT CHARSET=utf8 AUTO_INCREMENT=7 ;

--
-- Dumping data for table `clients`
--

INSERT INTO `clients` (`id`, `name`, `phone`, `email`, `otkuda`) VALUES
(1, 'Иванов', '1234567', '', ''),
(2, 'Школа №1231', '2772727272', '', ''),
(3, 'Петров', '89037677472', 'bogachev@tpe.ru', 'реклама'),
(4, 'Джон Смит', '98879279428', '', ''),
(6, 'Богачев', '89037677471', 'aabogachev@gmail.com', 'сам пришел');

-- --------------------------------------------------------

--
-- Table structure for table `dishes`
--

CREATE TABLE IF NOT EXISTS `dishes` (
  `id` int(11) NOT NULL AUTO_INCREMENT,
  `title` text NOT NULL,
  `description` text NOT NULL,
  `weight` int(11) NOT NULL,
  `price` float(7,2) unsigned NOT NULL,
  `menu_section` int(11) NOT NULL,
  `createdate` timestamp NOT NULL DEFAULT CURRENT_TIMESTAMP ON UPDATE CURRENT_TIMESTAMP,
  `isactive` int(11) NOT NULL,
  `orderby` int(11) NOT NULL,
  PRIMARY KEY (`id`),
  UNIQUE KEY `id` (`id`)
) ENGINE=InnoDB  DEFAULT CHARSET=utf8 AUTO_INCREMENT=339 ;

--
-- Dumping data for table `dishes`
--

INSERT INTO `dishes` (`id`, `title`, `description`, `weight`, `price`, `menu_section`, `createdate`, `isactive`, `orderby`) VALUES
(1, 'Судак фаршированный муссом из семги, судака и креветок', '', 3900, 9500.00, 1, '2014-08-25 08:47:33', 1, 1),
(2, 'Сёмга запеченая целиком', '', 4500, 7500.00, 1, '2014-08-25 08:47:33', 1, 2),
(3, 'Стерлядь запеченая', '', 1300, 6500.00, 1, '2014-08-25 08:47:33', 1, 3),
(4, 'Осетрина целиком', '', 3500, 28000.00, 1, '2014-08-25 08:47:33', 1, 4),
(5, 'Поросёнок, жареный целиком "по-боярски" ', '', 4500, 24000.00, 1, '2014-08-25 08:47:33', 1, 5),
(6, 'Поросенок жареный целиком ', '', 3000, 17000.00, 1, '2014-08-25 08:47:33', 1, 6),
(7, 'Нога телячья, запеченая целиком', '', 4000, 19000.00, 1, '2014-08-25 08:47:33', 1, 7),
(8, 'Нога ягненка запеченая целиком', '', 2000, 7500.00, 1, '2014-08-25 08:47:33', 1, 8),
(9, 'Индейка, запеченная с фруктами', '', 2200, 6500.00, 1, '2014-08-24 18:00:28', 0, 0),
(10, 'Индейка, запеченная с фруктами', '', 3200, 9800.00, 1, '2014-08-25 08:47:33', 1, 9),
(11, 'Курица запеченая, фаршированная потрахами ', '', 1000, 3500.00, 1, '2014-08-25 08:47:33', 1, 10),
(12, 'Цесарка, запеченая с прованскими травами', '', 600, 3800.00, 1, '2014-08-25 08:47:33', 1, 11),
(13, 'Утка запеченая (подается с карамелизированным яблоком)', '', 1300, 5500.00, 1, '2014-08-25 08:47:33', 1, 12),
(14, 'Кулебяка с капустой, яйцом и блинами (по-русски)', '', 2000, 3000.00, 1, '2014-08-25 08:47:33', 1, 13),
(15, 'Икра кетовая       ', '', 75, 510.00, 2, '2014-08-17 17:27:42', 0, 0),
(16, 'Осетрина заливная - с 01.10.2013', '', 150, 610.00, 2, '2014-08-25 08:47:33', 1, 1),
(17, 'Севрюга горячего копчения, оливки, лимон', '', 100, 650.00, 2, '2014-08-25 08:47:33', 1, 2),
(18, 'Балык из белуги, оливки, лимон', '', 100, 850.00, 2, '2014-08-25 08:47:33', 1, 3),
(19, 'Сёмга слабой соли', '', 100, 440.00, 2, '2014-08-25 08:47:33', 1, 4),
(20, 'Ассорти рыбное', '', 150, 1350.00, 2, '2014-08-25 08:47:33', 1, 5),
(21, 'Севрюга горячего копчения, белужий балык, угорь горячего копчения, ', '', 65, 0.00, 2, '2014-08-25 08:47:33', 1, 6),
(22, 'Сельдь слабой соли бочковая ', '', 220, 450.00, 2, '2014-08-25 08:47:33', 1, 7),
(23, 'Холодец домашний - с 01.10.2013', '', 200, 300.00, 2, '2014-08-25 08:47:33', 1, 8),
(24, 'Витки из ветчины, фаршированные сыром с чесноком и грецким орехом ', '', 150, 390.00, 2, '2014-08-25 08:47:33', 1, 9),
(25, 'Витки из сыра с ветчиной и грибами', '', 150, 390.00, 2, '2014-08-25 08:47:33', 1, 10),
(26, 'Хамон с чесночными гренками ', '', 200, 610.00, 2, '2014-08-25 08:47:33', 1, 11),
(27, 'Буженина запечёная домашняя', '', 135, 350.00, 2, '2014-08-25 08:47:33', 1, 12),
(28, 'Язык говяжий заливной - с 01.10.2013', '', 150, 410.00, 2, '2014-08-25 08:47:33', 1, 13),
(29, 'Язык говяжий отварной', '', 135, 400.00, 2, '2014-08-25 08:47:33', 1, 14),
(30, 'Ростбиф запечёный по-домашнему', '', 135, 400.00, 2, '2014-08-25 08:47:33', 1, 15),
(31, 'Ассорти колбас элитных сортов', '', 200, 1250.00, 2, '2014-08-25 08:47:33', 1, 16),
(32, 'Ассорти мясных деликатесов приготовленных по-домашнему', '', 200, 1500.00, 2, '2014-08-25 08:47:33', 1, 17),
(33, 'Ростбиф, буженина по-домашнему, язык говяжий, ', '', 100, 0.00, 2, '2014-08-25 08:47:33', 1, 18),
(34, 'Рулет из кролика с черносливом в беконе', '', 150, 510.00, 2, '2014-08-25 08:47:33', 1, 19),
(35, 'Рулет из курицы с курагой и грецким орехом', '', 150, 390.00, 2, '2014-08-25 08:47:33', 1, 20),
(36, 'Галантин из утки с фисташками', '', 150, 450.00, 2, '2014-08-25 08:47:33', 1, 21),
(37, 'Рулетики из баклажан с томатами, грецким орехом и кинзой                          ', '', 150, 430.00, 2, '2014-08-25 08:47:33', 1, 22),
(38, 'Рулетики из баклажан с курицей и грецким орехом ', '', 150, 450.00, 2, '2014-08-25 08:47:33', 1, 23),
(39, 'Рулетики из баклажан с сыром Фета и зеленью', '', 150, 430.00, 2, '2014-08-25 08:47:33', 1, 24),
(40, 'Бакинские помидоры, фаршированные сыром,', '', 200, 450.00, 2, '2014-08-25 08:47:33', 1, 25),
(41, 'Бакинские помидоры, фаршированные с куриным мясом,', '', 200, 470.00, 2, '2014-08-25 08:47:33', 1, 26),
(42, 'Овощи натуральные со свежей зеленью', '', 130, 390.00, 2, '2014-08-25 08:47:33', 1, 27),
(43, 'Свежие помидоры, огурцы, редис, ', '', 70, 0.00, 2, '2014-08-25 08:47:33', 1, 28),
(44, 'Овощи бакинские с букетом ароматных трав', '', 100, 450.00, 2, '2014-08-25 08:47:33', 1, 29),
(45, 'Свежие бакинские помидоры и огурцы, ', '', 80, 0.00, 2, '2014-08-25 08:47:33', 1, 30),
(46, 'Соленья "по-домашнему"', '', 300, 350.00, 2, '2014-08-25 08:47:33', 1, 31),
(47, 'Огурцы малосольные и солёные, квашенная капуста,', '', 200, 0.00, 2, '2014-08-25 08:47:33', 1, 32),
(48, 'Белые маринованные грибы " Премиум"', '', 100, 430.00, 2, '2014-08-25 08:47:33', 1, 33),
(49, 'Ассорти из лесных маринованные грибов', '', 100, 410.00, 2, '2014-08-25 08:47:33', 1, 34),
(50, 'Маслины и оливки " Maestro de Oliva" Испания', '', 150, 250.00, 2, '2014-08-25 08:47:33', 1, 35),
(51, 'Сыр Сулугини с бакинскими помидорами и свежей зеленью', '', 210, 420.00, 2, '2014-08-25 08:47:33', 1, 36),
(52, 'Блины с красной икрой', '', 180, 480.00, 2, '2014-08-25 08:47:33', 1, 37),
(53, 'Сёмга "под шубой"', '', 240, 480.00, 3, '2014-08-25 08:47:33', 1, 1),
(54, 'Cельдь "под шубой"', '', 240, 460.00, 3, '2014-08-25 08:47:33', 1, 2),
(55, 'Салат "Мимоза"', '', 240, 460.00, 3, '2014-08-25 08:47:33', 1, 3),
(56, 'Салат с тунцом', '', 250, 390.00, 3, '2014-08-25 08:47:33', 1, 4),
(57, 'Салат Брунуаз из осетрины', '', 200, 610.00, 3, '2014-08-25 08:47:33', 1, 5),
(58, 'Салат "Оливье"', '', 200, 0.00, 3, '2014-08-25 08:47:33', 1, 6),
(59, 'Салат из камчатских крабов ', '', 220, 630.00, 3, '2014-08-25 08:47:33', 1, 7),
(60, 'Салат “Руккола” с тигровыми креветками ', '', 190, 530.00, 3, '2014-08-25 08:47:33', 1, 8),
(61, 'Салат "Цезарь"', '', 200, 0.00, 3, '2014-08-25 08:47:33', 1, 9),
(62, 'Салат из свиной вырезки с овощами, кедровым орехом и ', '', 250, 530.00, 3, '2014-08-25 08:47:33', 1, 10),
(63, 'Салат с телятиной, белыми грибами и шампиньонами', '', 200, 480.00, 3, '2014-08-25 08:47:33', 1, 11),
(64, 'Салат с говядиной, дайкон и маринованными опятами', '', 250, 510.00, 3, '2014-08-25 08:47:33', 1, 12),
(65, 'Салат с ростбифом, маринованными огурчиками и опятами', '', 250, 430.00, 3, '2014-08-25 08:47:33', 1, 13),
(66, 'Салат с говяжим языком и бакинскими томатами', '', 250, 530.00, 3, '2014-08-25 08:47:33', 1, 14),
(67, 'Салат с куриной печенью, грушей и сыром фета', '', 300, 610.00, 3, '2014-08-25 08:47:33', 1, 15),
(68, 'Салат c сыром Моццарелла, баклажанами гриль ', '', 220, 520.00, 3, '2014-08-25 08:47:33', 1, 16),
(69, 'Салат "Капрезе" с сыром Моццарелла, помидорами и базиликом', '', 220, 510.00, 3, '2014-08-25 08:47:33', 1, 17),
(70, 'Греческий салат с сыром Фета и цитрусовой запрвкой', '', 200, 440.00, 3, '2014-08-25 08:47:33', 1, 18),
(71, 'Салат Винегрет с белыми грибами', '', 250, 250.00, 3, '2014-08-25 08:47:33', 1, 19),
(72, 'Филе лосося в хрустящем тесте с розовым имбирем ', '', 100, 340.00, 4, '2014-08-25 08:47:33', 1, 1),
(73, 'Кулебяка с лососем и шпинатом', '', 300, 480.00, 4, '2014-08-25 08:47:33', 1, 2),
(74, 'Креветки в корзиночках из рисового теста со спаржей и', '', 100, 370.00, 4, '2014-08-25 08:47:33', 1, 3),
(75, 'Жульен из даров моря в кокотнице', '', 90, 310.00, 4, '2014-08-25 08:47:33', 1, 4),
(76, 'Жульен из даров моря в корзиночках из слоёного теста', '', 190, 490.00, 4, '2014-08-25 08:47:33', 1, 5),
(77, 'Жульен грибной в кокотнице', '', 90, 280.00, 4, '2014-08-25 08:47:33', 1, 6),
(78, 'Жульен из курицы в кокотнице', '', 90, 290.00, 4, '2014-08-25 08:47:33', 1, 7),
(79, 'Жульен из курицы в корзиночках из слоёного теста', '', 190, 420.00, 4, '2014-08-25 08:47:33', 1, 8),
(80, 'Жареные кольца кальмара с соусом "тар-тар"', '', 150, 350.00, 4, '2014-08-25 08:47:33', 1, 9),
(81, 'со свининой и соусом чили', '', 290, 450.00, 4, '2014-08-25 08:47:33', 1, 10),
(82, 'с говяжьей вырезкой и соусом чили', '', 290, 470.00, 4, '2014-08-25 08:47:33', 1, 11),
(83, 'с бараниной и соусом чили', '', 290, 450.00, 4, '2014-08-25 08:47:33', 1, 12),
(84, 'Перепелка, запеченая в духовке на овощном жульене ', '', 105, 370.00, 4, '2014-08-25 08:47:33', 1, 13),
(85, 'Штрудель с шампиньонами, сыром и овощами', '', 120, 320.00, 4, '2014-08-25 08:47:33', 1, 14),
(86, 'Баклажаны, запеченые со спелыми томатами, базиликом и', '', 120, 340.00, 4, '2014-08-25 08:47:33', 1, 15),
(87, 'Стейк из осетрины по-московски', '', 180, 840.00, 5, '2014-08-25 08:47:33', 1, 1),
(88, 'Стейк из осетрины с грибами и имбирным соусом', '', 230, 860.00, 5, '2014-08-25 08:47:33', 1, 2),
(89, 'Филе судака с соусом Терияки', '', 200, 620.00, 5, '2014-08-25 08:47:33', 1, 3),
(90, 'Форель запечёная в духовке', '', 0, 470.00, 5, '2014-08-25 08:47:33', 1, 4),
(91, 'Филе палтуса в рисовом тесте', '', 180, 590.00, 5, '2014-08-25 08:47:33', 1, 5),
(92, 'Стейк из лосося', '', 150, 590.00, 5, '2014-08-25 08:47:33', 1, 6),
(93, 'Стейк из лосося с шампиньонами и сыром', '', 180, 620.00, 5, '2014-08-25 08:47:33', 1, 7),
(94, 'Стейк из лосося с крабовым мясом', '', 160, 710.00, 5, '2014-08-25 08:47:33', 1, 8),
(95, 'Дорада с ароматом тимьяна', '', 200, 590.00, 5, '2014-08-25 08:47:33', 1, 9),
(96, 'Филе сибаса с анисовым соусом', '', 50, 590.00, 5, '2014-08-25 08:47:33', 1, 10),
(97, 'Стейк из свиной вырезки с домашней аджикой', '', 210, 570.00, 6, '2014-08-25 08:47:33', 1, 1),
(98, 'Каре свинины с грибным соусом', '', 210, 620.00, 6, '2014-08-25 08:47:33', 1, 2),
(99, 'Медальоны из свинины в сливочном соусе', '', 200, 590.00, 6, '2014-08-25 08:47:33', 1, 3),
(100, 'Вырезка из говядины', '', 200, 790.00, 6, '2014-08-25 08:47:33', 1, 4),
(101, 'Риб-ай стейк из мраморной говядины', '', 365, 1790.00, 6, '2014-08-25 08:47:33', 1, 5),
(102, 'Голень ягненка, тушеная с овощами с мясным соусом', '', 270, 1100.00, 6, '2014-08-25 08:47:33', 1, 6),
(103, 'Каре ягнёнка с запеченое в слоеном тесте с горчичным соусом', '', 240, 1750.00, 6, '2014-08-25 08:47:33', 1, 7),
(104, 'Каре ягнёнка с запечёными овощами (НОВАЯ ЗЕЛАНДИЯ )', '', 230, 1510.00, 6, '2014-08-25 08:47:33', 1, 8),
(105, 'Цыплёнок "Табака"', '', 350, 480.00, 7, '2014-08-25 08:47:33', 1, 1),
(106, 'Курица, запеченая в фольге с грибным соусом', '', 290, 530.00, 7, '2014-08-25 08:47:33', 1, 2),
(107, 'Цесарка запеченая с ароматными травами, с соусом из дичи', '', 270, 580.00, 7, '2014-08-25 08:47:33', 1, 3),
(108, 'Перепелка на гриле с перечным соусом', '', 180, 660.00, 7, '2014-08-25 08:47:33', 1, 4),
(109, 'Утиная грудка с кунжутным соусом', '', 160, 780.00, 7, '2014-08-25 08:47:33', 1, 5),
(110, 'Филе оленины с ягодным соусом', '', 190, 1850.00, 8, '2014-08-25 08:47:33', 1, 1),
(111, 'Ножка зайца, тушеная в сметане с грибами', '', 160, 1150.00, 8, '2014-08-25 08:47:33', 1, 2),
(112, 'Молочная телятина на косточке  с домашней аджикой с чесноком', '', 260, 810.00, 9, '2014-08-25 08:47:33', 1, 1),
(113, 'Ягнятины на косточке с домашней аджикой с чесноком', '', 270, 870.00, 9, '2014-08-25 08:47:33', 1, 2),
(114, 'Люля-кебаб из баранины с домашней аджикой с чесноком', '', 210, 530.00, 9, '2014-08-25 08:47:33', 1, 3),
(115, 'Куриное бедро маринованое в соевом соусе с домашней аджикой с чесноком', '', 220, 520.00, 9, '2014-08-25 08:47:33', 1, 4),
(116, 'из даров моря  с острым соусом ', '', 155, 690.00, 10, '2014-08-25 08:47:33', 1, 1),
(117, 'из осетрины с соусом тар-тар', '', 190, 850.00, 10, '2014-08-25 08:47:33', 1, 2),
(118, 'из свинины   с домашней аджикой с чесноком', '', 190, 540.00, 10, '2014-08-25 08:47:33', 1, 3),
(119, 'из говяжьей вырезки  с домашней аджикой с чесноком', '', 190, 710.00, 10, '2014-08-25 08:47:33', 1, 4),
(120, 'Картофель жаренный', '', 150, 200.00, 11, '2014-08-25 08:47:33', 1, 1),
(121, 'Картофель фри', '', 150, 200.00, 11, '2014-08-25 08:47:33', 1, 2),
(122, 'Картофель запечёный', '', 150, 200.00, 11, '2014-08-25 08:47:33', 1, 3),
(123, 'Овощи на гриле', '', 150, 200.00, 11, '2014-08-25 08:47:33', 1, 4),
(124, 'Овощи на пару', '', 150, 200.00, 11, '2014-08-25 08:47:33', 1, 5),
(125, 'Ассорти из запеченых овощей с ароматом чеснока и тимьяна', '', 350, 480.00, 11, '2014-08-25 08:47:33', 1, 6),
(126, 'Рис Басмати на пару', '', 150, 200.00, 11, '2014-08-25 08:47:33', 1, 7),
(127, 'Булочка французская белая с кунжутом', '', 10, 15.00, 12, '2014-08-25 08:47:33', 1, 1),
(128, 'Булочка французская чёрная с кориандром', '', 10, 15.00, 12, '2014-08-25 08:47:33', 1, 2),
(129, 'Домашний каравай ( для свадьбы)', '', 1000, 1200.00, 12, '2014-08-25 08:47:33', 1, 3),
(130, 'С капустой', '', 40, 50.00, 13, '2014-08-25 08:47:33', 1, 1),
(131, 'С грибами', '', 40, 50.00, 13, '2014-08-25 08:47:33', 1, 2),
(132, 'С мясом', '', 40, 50.00, 13, '2014-08-25 08:47:33', 1, 3),
(133, 'С капустой', '', 50, 70.00, 14, '2014-08-25 08:47:33', 1, 1),
(134, 'С грибами', '', 50, 70.00, 14, '2014-08-25 08:47:33', 1, 2),
(135, 'С мясом', '', 50, 70.00, 14, '2014-08-25 08:47:33', 1, 3),
(136, 'Расстегаи', '', 40, 60.00, 14, '2014-08-25 08:47:33', 1, 4),
(137, 'Кулебяка из лосося и шпината', '', 290, 480.00, 14, '2014-08-25 08:47:33', 1, 5),
(138, 'Торт на заказ от 1 кг.', '', 1000, 1900.00, 15, '2014-08-25 08:47:33', 1, 1),
(139, 'Йогуртовые', '', 30, 150.00, 56, '2014-08-25 08:47:33', 1, 1),
(140, 'Медовые', '', 30, 150.00, 56, '2014-08-25 08:47:33', 1, 2),
(141, 'Шоколадные', '', 30, 150.00, 56, '2014-08-25 08:47:33', 1, 3),
(142, 'Ореховые', '', 20, 100.00, 57, '2014-08-25 08:47:33', 1, 1),
(143, 'Ванильные', '', 20, 100.00, 57, '2014-08-25 08:47:33', 1, 2),
(144, 'Шоколадные', '', 20, 100.00, 57, '2014-08-25 08:47:33', 1, 3),
(145, 'Ассорти из разнообразных сыров', '', 120, 670.00, 16, '2014-08-25 08:47:33', 1, 1),
(146, 'Камамбер, Грана Подана, Дор Блю,Чеддер, козий сыр', '', 75, 0.00, 16, '2014-08-25 08:47:33', 1, 2),
(147, 'Ваза с фруктами', '', 1600, 2100.00, 16, '2014-08-25 08:47:33', 1, 3),
(148, 'Ягодная тарелка', '', 250, 1300.00, 16, '2014-08-25 08:47:33', 1, 4),
(149, 'Замок из ананаса', '', 0, 1150.00, 16, '2014-08-25 08:47:33', 1, 5),
(150, 'Арбуз "Цветочная корзина" (по сезону)', '', 0, 1500.00, 16, '2014-08-25 08:47:33', 1, 6),
(151, 'Дыня "Ладья" (по сезону)', '', 0, 2500.00, 16, '2014-08-25 08:47:33', 1, 7),
(152, 'Российское Шампанское. Санкт-Питербург', '', 750, 690.00, 18, '2014-08-25 08:47:33', 1, 1),
(153, 'Российск. Шампанское Абрау -Дюрсо, Белое, золотой брют', '', 750, 950.00, 18, '2014-08-25 08:47:33', 1, 2),
(154, 'Российское Шампанское Абрау -Дюрсо, Красное, полусладкое', '', 750, 950.00, 18, '2014-08-25 08:47:33', 1, 3),
(155, 'Де Перрьер Блан де Блан. Брют. Эф. Джи. Ви. Эс .Франция', '', 750, 1550.00, 18, '2014-08-25 08:47:33', 1, 4),
(156, 'Вальдо Просекко Экстра Драй Док. Венето. Италия', '', 750, 1950.00, 18, '2014-08-25 08:47:33', 1, 5),
(157, 'Мартини Асти (сладкое). Песьоне, Турин. Италия', '', 750, 2500.00, 18, '2014-08-25 08:47:33', 1, 6),
(158, 'Мартини Просекко. Венето. Италия', '', 750, 2300.00, 18, '2014-08-25 08:47:33', 1, 7),
(159, 'Креман д’Эльзас Деми-сек. Рене Мюре. Франция', '', 750, 2800.00, 18, '2014-08-25 08:47:33', 1, 8),
(160, 'Лансон Блэк Лейбл Брют. Лансон. Франция', '', 750, 4300.00, 18, '2014-08-25 08:47:33', 1, 9),
(161, 'Лансон Розе Лейбл Брют Розе. Лансон. Франция', '', 750, 6300.00, 18, '2014-08-25 08:47:33', 1, 10),
(162, 'Моэт Шандон. Брют Империал. Франция', '', 750, 6900.00, 18, '2014-08-25 08:47:33', 1, 11),
(163, 'Пеш Рок Блан. (полусухое)', '', 750, 950.00, 35, '2014-08-25 08:47:33', 1, 1),
(164, 'Шато Мейн Паргад. Бордо ', '', 750, 950.00, 35, '2014-08-25 08:47:33', 1, 2),
(165, 'Бордо. Барон Филипп де Ротшильд Блан', '', 750, 1150.00, 35, '2014-08-25 08:47:33', 1, 3),
(166, 'Шардонне."Шевалье Лакассан"', '', 750, 1200.00, 35, '2014-08-25 08:47:33', 1, 4),
(167, 'Шардонне. Ла Гаре. Жорж Дюбеф', '', 750, 1490.00, 35, '2014-08-25 08:47:33', 1, 5),
(168, 'Совиньон "Таркет". Кот де Гасконь', '', 750, 1900.00, 35, '2014-08-25 08:47:33', 1, 6),
(169, 'Сансерр Блан "Ле Кайотт". Жан-Макс Роже ', '', 750, 3750.00, 35, '2014-08-25 08:47:33', 1, 7),
(170, 'Шабли. Ларош ', '', 750, 3700.00, 35, '2014-08-25 08:47:33', 1, 8),
(171, 'Шабли Премьер Крю. Симоне-Февр. Бургундия', '', 750, 3950.00, 35, '2014-08-25 08:47:33', 1, 9),
(172, 'Шабли Премьер Крю. Домейн Ларош. ', '', 750, 5925.00, 35, '2014-08-25 08:47:33', 1, 10),
(173, 'Орвието. Минини', '', 750, 1280.00, 36, '2014-08-25 08:47:33', 1, 1),
(174, 'Пино Гриджио. Конте Фоско делле Венецие', '', 750, 1300.00, 36, '2014-08-25 08:47:33', 1, 2),
(175, 'Соаве Классико Корте Менини ', '', 750, 2100.00, 36, '2014-08-25 08:47:33', 1, 3),
(176, 'Ла Сегрета. Планета. Сицилия', '', 750, 2300.00, 36, '2014-08-25 08:47:33', 1, 4),
(177, 'Мастро. Мастроберардино. Кампания', '', 750, 2400.00, 36, '2014-08-25 08:47:33', 1, 5),
(178, 'Гави ди Гави. Вилла Спарина ', '', 750, 2690.00, 36, '2014-08-25 08:47:33', 1, 6),
(179, 'Маркес де Касерес Бланко', '', 750, 1450.00, 37, '2014-08-25 08:47:33', 1, 1),
(180, 'Шардоне Монтемар Андес. Централ Вэлли ', '', 750, 1190.00, 38, '2014-08-25 08:47:33', 1, 1),
(181, 'Мапу Совиньон Блан. Барон Филипп де Ротшильд ', '', 750, 980.00, 38, '2014-08-25 08:47:33', 1, 2),
(182, 'Савиньон Блан  "Такун". Резерва. Централ Вэлли ', '', 750, 1200.00, 38, '2014-08-25 08:47:33', 1, 3),
(183, 'Шардоне Эскудо Рохо. Барон Филипп де Ротшильд', '', 750, 2690.00, 38, '2014-08-25 08:47:33', 1, 4),
(184, 'Бордо. Барон Филипп де Ротшильд Розе.Франция', '', 750, 1150.00, 39, '2014-08-25 08:47:33', 1, 1),
(185, 'Тускулум Бьянко. Казама. Италия (полусладкое)', '', 750, 950.00, 40, '2014-08-25 08:47:33', 1, 1),
(186, 'Бордо. Барон Филипп де Ротшильд Руж', '', 750, 1150.00, 42, '2014-08-25 08:47:33', 1, 1),
(187, 'Мерло "Шевалье Лакассан". Лангедок-Руссильон', '', 750, 1200.00, 42, '2014-08-25 08:47:33', 1, 2),
(188, 'Шато Де Креси. Бордо', '', 750, 1450.00, 42, '2014-08-25 08:47:33', 1, 3),
(189, 'Каберне Совиньон. Жорж Дюбеф ', '', 750, 2100.00, 42, '2014-08-25 08:47:33', 1, 4),
(190, 'Бургонь Пино Нуар. Шарль Эне', '', 750, 2200.00, 42, '2014-08-25 08:47:33', 1, 5),
(191, 'Бруйи. Анри Фесси. Бургундия', '', 750, 2450.00, 42, '2014-08-25 08:47:33', 1, 6),
(192, 'Кот дю Рон. Долина Роны. Е. Гигаль', '', 750, 3150.00, 42, '2014-08-25 08:47:33', 1, 7),
(193, 'Шато Гайар. Гран Крю. Сэнт-Эмильон. Бордо ', '', 750, 5250.00, 42, '2014-08-25 08:47:33', 1, 8),
(194, 'Терре Аллегре. Санджовезе. Апулия (полусладкое)', '', 750, 950.00, 43, '2014-08-25 08:47:33', 1, 1),
(195, 'Терре Аллегре. Санджовезе. Апулия (полусухое)', '', 750, 950.00, 43, '2014-08-25 08:47:33', 1, 2),
(196, 'Кьянти. Минини. Тоскана. Италия ', '', 750, 1300.00, 43, '2014-08-25 08:47:33', 1, 3),
(197, 'Ла Сегрета. Планета. Сицилия', '', 750, 2300.00, 43, '2014-08-25 08:47:33', 1, 4),
(198, 'Мастро. Мастроберардино. Кампания', '', 750, 2400.00, 43, '2014-08-25 08:47:33', 1, 5),
(199, 'Вальполичелла Классико', '', 750, 3200.00, 43, '2014-08-25 08:47:33', 1, 6),
(200, 'Кьянти Классико. Иль Молино ди Граче', '', 750, 5400.00, 43, '2014-08-25 08:47:33', 1, 7),
(201, 'Брунелло Ди Монтальчино. Капарцо ', '', 750, 8900.00, 43, '2014-08-25 08:47:33', 1, 8),
(202, 'Ла Вендимия. Риоха. Бодегас Паласиос Ремондо', '', 750, 2400.00, 44, '2014-08-25 08:47:33', 1, 1),
(203, 'Маркиз де Касерес Резерва. Риоха  ', '', 750, 4750.00, 44, '2014-08-25 08:47:33', 1, 2),
(204, 'Карменер Резерва.  Барон Филипп де Ротшильд    ', '', 750, 2690.00, 45, '2014-08-25 08:47:33', 1, 1),
(205, 'МАПУ Мерло. Барон Филипп де Ротшильд    ', '', 750, 980.00, 45, '2014-08-25 08:47:33', 1, 2),
(206, 'Эскудо Рохо.  Барон Филипп де Ротшильд ', '', 750, 2710.00, 45, '2014-08-25 08:47:33', 1, 3),
(207, 'Мерло, Монтес Альфа , Колчагуа Вэлли', '', 750, 3200.00, 45, '2014-08-25 08:47:33', 1, 4),
(208, 'Мальбек. Финка ла Линда. Мендоса', '', 750, 1150.00, 46, '2014-08-25 08:47:33', 1, 1),
(209, 'Ла Капра Пинотаж. Паарл. Фэирвью', '', 750, 1800.00, 47, '2014-08-25 08:47:33', 1, 1),
(210, 'Эвиан ', '', 330, 190.00, 62, '2014-08-25 08:47:33', 1, 1),
(211, 'Вода "Арджи" б/г', '', 500, 150.00, 62, '2014-08-25 08:47:33', 1, 2),
(212, 'Вода Архыз Б/Г', '', 500, 150.00, 62, '2014-08-25 08:47:33', 1, 3),
(213, 'Вита "Архыз" с/г', '', 500, 150.00, 62, '2014-08-25 08:47:33', 1, 4),
(214, 'Клюквенный морс', '', 250, 90.00, 62, '2014-08-25 08:47:33', 1, 5),
(215, 'Перрье ', '', 330, 150.00, 62, '2014-08-25 08:47:33', 1, 6),
(216, 'Борожоми', '', 500, 190.00, 62, '2014-08-25 08:47:33', 1, 7),
(217, 'Нарзан Элит ', '', 330, 140.00, 62, '2014-08-25 08:47:33', 1, 8),
(218, 'Ессентуки № 4 ', '', 500, 150.00, 62, '2014-08-25 08:47:33', 1, 9),
(219, 'Кока-Кола', '', 250, 120.00, 62, '2014-08-25 08:47:33', 1, 10),
(220, 'Кока-Кола лайт ', '', 250, 120.00, 62, '2014-08-25 08:47:33', 1, 11),
(221, 'Спрайт ', '', 250, 120.00, 62, '2014-08-25 08:47:33', 1, 12),
(222, 'Швепс Тоник ', '', 250, 120.00, 62, '2014-08-25 08:47:33', 1, 13),
(223, 'Апельсиновый  ', '', 200, 300.00, 48, '2014-08-25 08:47:33', 1, 1),
(224, 'Грейпфрутовый ', '', 200, 300.00, 48, '2014-08-25 08:47:33', 1, 2),
(225, 'Апельсиново-грейпфрутовый ', '', 200, 300.00, 48, '2014-08-25 08:47:33', 1, 3),
(226, 'Яблочный', '', 200, 300.00, 48, '2014-08-25 08:47:33', 1, 4),
(227, 'Морковный ', '', 200, 200.00, 48, '2014-08-25 08:47:33', 1, 5),
(228, 'Яблочно-морковный ', '', 200, 300.00, 48, '2014-08-25 08:47:33', 1, 6),
(229, 'Ананасовый ', '', 200, 350.00, 48, '2014-08-25 08:47:33', 1, 7),
(230, 'Сок сельдерея ', '', 200, 250.00, 48, '2014-08-25 08:47:33', 1, 8),
(231, 'Лимонный', '', 200, 350.00, 48, '2014-08-25 08:47:33', 1, 9),
(232, 'Гранатовый ', '', 200, 450.00, 48, '2014-08-25 08:47:33', 1, 10),
(233, 'СОКИ "RICH" В АСCОРТИМЕНТЕ ', '', 1000, 300.00, 49, '2014-08-25 08:47:33', 1, 1),
(234, 'Клюквенный морс', '', 1000, 360.00, 49, '2014-08-25 08:47:33', 1, 2),
(235, 'Апельсиновый ', '', 1500, 800.00, 50, '2014-08-25 08:47:33', 1, 1),
(236, 'Грейпфрутовый ', '', 1500, 800.00, 50, '2014-08-25 08:47:33', 1, 2),
(237, 'Мандариновый ', '', 1500, 850.00, 50, '2014-08-25 08:47:33', 1, 3),
(238, 'Яблочный ', '', 1500, 800.00, 50, '2014-08-25 08:47:33', 1, 4),
(239, 'Ананасовый  ', '', 1500, 850.00, 50, '2014-08-25 08:47:33', 1, 5),
(240, 'Лимонный ', '', 1500, 800.00, 50, '2014-08-25 08:47:33', 1, 6),
(241, 'Имбирный с лимоном  ', '', 1500, 900.00, 50, '2014-08-25 08:47:33', 1, 7),
(242, 'Безалкогольный Мохито ', '', 300, 290.00, 20, '2014-08-25 08:47:33', 1, 1),
(243, 'Безалкогольный Мохито - Клубничный', '', 300, 340.00, 20, '2014-08-25 08:47:33', 1, 2),
(244, 'Имбирный коктейль ', '', 300, 180.00, 20, '2014-08-25 08:47:33', 1, 3),
(245, 'Ванильный Молочный Коктейль ', '', 300, 250.00, 20, '2014-08-25 08:47:33', 1, 4),
(246, 'Шоколадный Молочный Коктейль ', '', 300, 250.00, 20, '2014-08-25 08:47:33', 1, 5),
(247, 'Клубничный Молочный Коктейль ', '', 300, 350.00, 20, '2014-08-25 08:47:33', 1, 6),
(248, 'Крушовице Империал светлое', '', 500, 350.00, 21, '2014-08-25 08:47:33', 1, 1),
(249, 'Велкопоповицкий Козел светлое ', '', 500, 260.00, 21, '2014-08-25 08:47:33', 1, 2),
(250, 'Велкопоповицкий Козел тёмное ', '', 500, 240.00, 21, '2014-08-25 08:47:33', 1, 3),
(251, '"Гролш" безалкогольное ', '', 330, 290.00, 21, '2014-08-25 08:47:33', 1, 4),
(252, 'Глинтвейн ', '', 200, 290.00, 22, '2014-08-25 08:47:33', 1, 1),
(253, 'Кир Ройал ', '', 150, 250.00, 22, '2014-08-25 08:47:33', 1, 2),
(254, 'Кровавая Мэри ', '', 200, 190.00, 22, '2014-08-25 08:47:33', 1, 3),
(255, 'Кампари Оранж ', '', 200, 250.00, 22, '2014-08-25 08:47:33', 1, 4),
(256, 'Куба Либре (Ром Кола) ', '', 300, 360.00, 22, '2014-08-25 08:47:33', 1, 5),
(257, 'Голубая Лагуна', '', 130, 300.00, 22, '2014-08-25 08:47:33', 1, 6),
(258, 'Джин Тоник ', '', 300, 360.00, 22, '2014-08-25 08:47:33', 1, 7),
(259, 'Виски Кола ', '', 300, 360.00, 22, '2014-08-25 08:47:33', 1, 8),
(260, 'Лонг Айленд Айс Ти ', '', 300, 450.00, 22, '2014-08-25 08:47:33', 1, 9),
(261, 'Мохито ', '', 300, 360.00, 22, '2014-08-25 08:47:33', 1, 10),
(262, 'Мохито Клубничный ', '', 300, 410.00, 22, '2014-08-25 08:47:33', 1, 11),
(263, 'Маргарита Классическая ', '', 120, 300.00, 22, '2014-08-25 08:47:33', 1, 12),
(264, 'Маргарита Клубничная', '', 130, 390.00, 22, '2014-08-25 08:47:33', 1, 13),
(265, 'Космополитен ', '', 130, 300.00, 22, '2014-08-25 08:47:33', 1, 14),
(266, 'Б-52 ', '', 45, 290.00, 22, '2014-08-25 08:47:33', 1, 15),
(267, 'Кампари', '', 1000, 3800.00, 23, '2014-08-25 08:47:33', 1, 1),
(268, 'Мартини Бьянко или Розе ', '', 1000, 4000.00, 23, '2014-08-25 08:47:33', 1, 2),
(269, 'Мартини Россо ', '', 1000, 4400.00, 23, '2014-08-25 08:47:33', 1, 3),
(270, 'Фернет Бранка ', '', 700, 4620.00, 23, '2014-08-25 08:47:33', 1, 4),
(271, 'Фернет Бранка Менте ', '', 700, 4760.00, 23, '2014-08-25 08:47:33', 1, 5),
(272, 'Порто Рамош Пинто Руби', '', 750, 3700.00, 24, '2014-08-25 08:47:33', 1, 1),
(273, 'Самбука ', '', 700, 2800.00, 25, '2014-08-25 08:47:33', 1, 1),
(274, 'Крем де Кассис (Чёрная смородина)', '', 700, 2800.00, 25, '2014-08-25 08:47:33', 1, 2),
(275, 'Бейлиз ', '', 1000, 5600.00, 25, '2014-08-25 08:47:33', 1, 3),
(276, 'Куантро ', '', 1000, 7000.00, 25, '2014-08-25 08:47:33', 1, 4),
(277, 'Калуа ', '', 1000, 6000.00, 25, '2014-08-25 08:47:33', 1, 5),
(278, 'Ягермайстер', '', 1000, 3900.00, 25, '2014-08-25 08:47:33', 1, 6),
(279, 'Биффитер', '', 1000, 6000.00, 26, '2014-08-25 08:47:33', 1, 1),
(280, 'Столичная ', '', 500, 1200.00, 26, '2014-08-25 08:47:33', 1, 2),
(281, 'Русский Стандарт ', '', 500, 1600.00, 26, '2014-08-25 08:47:33', 1, 3),
(282, 'Русский Стандарт Платинум ', '', 500, 2300.00, 26, '2014-08-25 08:47:33', 1, 4),
(283, 'Белое Золото ', '', 700, 2380.00, 26, '2014-08-25 08:47:33', 1, 5),
(284, 'Белое Золото ', '', 500, 1700.00, 26, '2014-08-25 08:47:33', 1, 6),
(285, 'Белое Золото Премиум', '', 500, 2400.00, 26, '2014-08-25 08:47:33', 1, 7),
(286, 'Белуга ', '', 500, 2500.00, 26, '2014-08-25 08:47:33', 1, 8),
(287, 'Камино Реал Бланко ', '', 750, 3000.00, 27, '2014-08-25 08:47:33', 1, 1),
(288, 'Текила Ольмека Серебряная ', '', 1000, 7200.00, 27, '2014-08-25 08:47:33', 1, 2),
(289, 'Текила Ольмека Золотая', '', 1000, 7600.00, 27, '2014-08-25 08:47:33', 1, 3),
(290, 'Бакарди Белый ', '', 1000, 5000.00, 28, '2014-08-25 08:47:33', 1, 1),
(291, 'Бакарди Чёрный', '', 1000, 6000.00, 28, '2014-08-25 08:47:33', 1, 2),
(292, 'Бакарди Оакхарт Пряный ', '', 1000, 6000.00, 28, '2014-08-25 08:47:33', 1, 3),
(293, 'Бакарди Золотой ', '', 750, 4125.00, 28, '2014-08-25 08:47:33', 1, 4),
(294, 'Джеймесон', '', 1000, 7600.00, 29, '2014-08-25 08:47:33', 1, 1),
(295, 'Вильям Лоусонс', '', 750, 2250.00, 29, '2014-08-25 08:47:33', 1, 2),
(296, 'Дюарс Уайт Лейбл', '', 1000, 4980.00, 29, '2014-08-25 08:47:33', 1, 3),
(297, 'Баллантайнс ', '', 1000, 7600.00, 29, '2014-08-25 08:47:33', 1, 4),
(298, 'Джек Дениэлс', '', 1000, 8400.00, 29, '2014-08-25 08:47:33', 1, 5),
(299, 'Джонни Уокер Ред Лэйбл ', '', 1000, 7600.00, 29, '2014-08-25 08:47:33', 1, 6),
(300, 'Джонни Уокер Блэк Лэйбл ', '', 1000, 11200.00, 29, '2014-08-25 08:47:33', 1, 7),
(301, 'Чивас Ригал 12 л. ', '', 1000, 11800.00, 29, '2014-08-25 08:47:33', 1, 8),
(302, 'Чивас Ригал 18 л. ', '', 1000, 19800.00, 29, '2014-08-25 08:47:33', 1, 9),
(303, 'Мартель V.S.O.P.', '', 1000, 17000.00, 30, '2014-08-25 08:47:33', 1, 1),
(304, 'Мартель V.S.O.P.', '', 700, 11900.00, 30, '2014-08-25 08:47:33', 1, 2),
(305, 'Мартель ХО', '', 1000, 37000.00, 30, '2014-08-25 08:47:33', 1, 3),
(306, 'Мартель X.O. ', '', 700, 25900.00, 30, '2014-08-25 08:47:33', 1, 4),
(307, 'Хеннесси V.S.O.P. ', '', 1000, 18000.00, 30, '2014-08-25 08:47:33', 1, 5),
(308, 'Хеннесси V.S.O.P. ', '', 700, 12600.00, 30, '2014-08-25 08:47:33', 1, 6),
(309, 'Хеннесси X.O. ', '', 700, 35560.00, 30, '2014-08-25 08:47:33', 1, 7),
(310, 'Арарат ***** 5л.  ', '', 500, 3500.00, 31, '2014-08-25 08:47:33', 1, 1),
(311, 'Арарат "Ани"  6 л. ', '', 500, 3700.00, 31, '2014-08-25 08:47:33', 1, 2),
(312, 'Арарат "Отборный" 7 л.', '', 500, 4200.00, 31, '2014-08-25 08:47:33', 1, 3),
(313, 'Ристретто ', '', 15, 150.00, 32, '2014-08-25 08:47:33', 1, 1),
(314, 'Эспрессо ', '', 40, 150.00, 32, '2014-08-25 08:47:33', 1, 2),
(315, 'Двойной эспрессо ', '', 80, 250.00, 32, '2014-08-25 08:47:33', 1, 3),
(316, 'Американо ', '', 100, 150.00, 32, '2014-08-25 08:47:33', 1, 4),
(317, 'Каппучино ', '', 220, 220.00, 32, '2014-08-25 08:47:33', 1, 5),
(318, 'Латте', '', 250, 220.00, 32, '2014-08-25 08:47:33', 1, 6),
(319, 'По-восточному ', '', 200, 160.00, 32, '2014-08-25 08:47:33', 1, 7),
(320, 'Ирландский Кофе ', '', 200, 320.00, 32, '2014-08-25 08:47:33', 1, 8),
(321, 'Кофе “Бейлиз”', '', 200, 320.00, 32, '2014-08-25 08:47:33', 1, 9),
(322, 'Какао ', '', 200, 210.00, 32, '2014-08-25 08:47:33', 1, 10),
(323, 'Цейлон ', '', 400, 290.00, 51, '2014-08-25 08:47:33', 1, 1),
(324, 'Чёрный байховый с чабрецом ', '', 400, 290.00, 51, '2014-08-25 08:47:33', 1, 2),
(325, 'Дарджилинг ', '', 400, 290.00, 51, '2014-08-25 08:47:33', 1, 3),
(326, 'Эрл Грей ', '', 400, 290.00, 51, '2014-08-25 08:47:33', 1, 4),
(327, 'Пуэр Императорский ', '', 400, 350.00, 51, '2014-08-25 08:47:33', 1, 5),
(328, 'Чунь-Ми', '', 400, 290.00, 52, '2014-08-25 08:47:33', 1, 1),
(329, 'Жасмин Чунг Хао', '', 400, 350.00, 52, '2014-08-25 08:47:33', 1, 2),
(330, 'Молочный Улун', '', 400, 350.00, 52, '2014-08-25 08:47:33', 1, 3),
(331, 'Серебряные Иглы ', '', 400, 350.00, 53, '2014-08-25 08:47:33', 1, 1),
(332, 'Земляника со сливками', '', 400, 350.00, 54, '2014-08-25 08:47:33', 1, 1),
(333, 'Мятный отвар ', '', 400, 290.00, 55, '2014-08-25 08:47:33', 1, 1),
(336, 'Икра кетовая       ', 'титммтмтмтимти', 0, 510.00, 2, '2014-08-17 18:01:46', 0, 0),
(337, 'Икра кетовая       ', 'титммтмтмтимти', 75, 510.00, 2, '2014-08-25 08:47:33', 1, 38),
(338, 'Осетрина целиком', 'Осетрина с майонезом вся такая вкусная', 1500, 5600.00, 0, '2014-08-17 19:14:50', 1, 0);

-- --------------------------------------------------------

--
-- Table structure for table `dishes_in_menus`
--

CREATE TABLE IF NOT EXISTS `dishes_in_menus` (
  `id` int(11) NOT NULL AUTO_INCREMENT,
  `menuid` int(11) NOT NULL,
  `dishid` int(11) NOT NULL,
  `createdate` datetime NOT NULL,
  `isactive` int(11) NOT NULL,
  PRIMARY KEY (`id`),
  UNIQUE KEY `id` (`id`)
) ENGINE=InnoDB  DEFAULT CHARSET=utf8 AUTO_INCREMENT=134 ;

--
-- Dumping data for table `dishes_in_menus`
--

INSERT INTO `dishes_in_menus` (`id`, `menuid`, `dishid`, `createdate`, `isactive`) VALUES
(1, 1, 1, '2014-08-17 17:55:59', 0),
(2, 1, 11, '2014-08-13 01:39:20', 0),
(3, 1, 21, '2014-08-13 01:39:30', 1),
(4, 1, 31, '2014-08-13 01:39:44', 1),
(5, 1, 41, '2014-08-13 01:39:44', 1),
(6, 1, 51, '2014-08-13 01:40:07', 1),
(7, 1, 61, '2014-08-13 01:40:07', 0),
(8, 1, 71, '2014-08-13 01:40:07', 1),
(9, 1, 81, '2014-08-13 01:40:48', 1),
(10, 1, 91, '2014-08-13 01:40:48', 1),
(11, 1, 111, '2014-08-13 01:41:20', 1),
(12, 1, 121, '2014-08-13 01:41:20', 1),
(13, 1, 131, '2014-08-13 01:41:38', 1),
(14, 1, 141, '2014-08-13 01:41:38', 1),
(15, 2, 171, '2014-08-13 01:42:08', 1),
(16, 2, 181, '2014-08-13 01:42:08', 1),
(17, 2, 191, '2014-08-13 01:42:32', 1),
(18, 2, 201, '2014-08-13 01:42:32', 1),
(19, 2, 211, '2014-08-13 01:42:59', 1),
(20, 2, 221, '2014-08-13 01:42:59', 1),
(21, 2, 231, '2014-08-13 01:43:18', 1),
(22, 2, 241, '2014-08-13 01:46:21', 1),
(23, 2, 251, '2014-08-13 01:46:21', 1),
(24, 2, 261, '2014-08-13 01:46:21', 1),
(25, 2, 271, '2014-08-13 01:46:21', 1),
(26, 2, 281, '2014-08-13 01:46:21', 1),
(27, 2, 291, '2014-08-13 01:46:21', 1),
(28, 2, 301, '2014-08-13 01:46:21', 1),
(29, 2, 311, '2014-08-13 01:46:21', 1),
(30, 2, 321, '2014-08-13 01:46:21', 1),
(31, 2, 331, '2014-08-13 01:46:21', 1),
(32, 3, 2, '2014-08-13 01:47:08', 0),
(33, 3, 12, '2014-08-13 01:47:08', 0),
(34, 3, 22, '2014-08-13 01:47:08', 0),
(35, 3, 32, '2014-08-13 01:47:08', 0),
(36, 3, 42, '2014-08-13 01:47:08', 0),
(37, 3, 52, '2014-08-13 01:47:08', 0),
(38, 3, 62, '2014-08-13 01:47:08', 1),
(39, 3, 72, '2014-08-13 01:47:08', 1),
(40, 3, 82, '2014-08-13 01:47:08', 1),
(41, 3, 92, '2014-08-13 01:47:08', 1),
(42, 3, 102, '2014-08-14 11:05:21', 1),
(43, 3, 112, '2014-08-14 11:05:25', 1),
(44, 3, 122, '2014-08-14 11:05:30', 1),
(45, 3, 132, '2014-08-14 11:05:34', 1),
(46, 3, 142, '2014-08-14 11:05:38', 1),
(47, 3, 0, '0000-00-00 00:00:00', 1),
(48, 3, 0, '0000-00-00 00:00:00', 1),
(49, 1, 0, '0000-00-00 00:00:00', 1),
(50, 1, 4, '0000-00-00 00:00:00', 0),
(51, 1, 3, '0000-00-00 00:00:00', 0),
(52, 1, 13, '0000-00-00 00:00:00', 0),
(53, 1, 5, '0000-00-00 00:00:00', 0),
(54, 1, 61, '0000-00-00 00:00:00', 1),
(55, 1, 11, '0000-00-00 00:00:00', 1),
(56, 1, 336, '0000-00-00 00:00:00', 1),
(57, 1, 337, '0000-00-00 00:00:00', 0),
(58, 2, 269, '0000-00-00 00:00:00', 1),
(59, 1, 4, '0000-00-00 00:00:00', 1),
(60, 1, 3, '0000-00-00 00:00:00', 1),
(61, 3, 10, '0000-00-00 00:00:00', 0),
(62, 3, 14, '0000-00-00 00:00:00', 0),
(63, 3, 7, '0000-00-00 00:00:00', 1),
(64, 1, 10, '0000-00-00 00:00:00', 1),
(65, 1, 14, '0000-00-00 00:00:00', 1),
(66, 1, 8, '0000-00-00 00:00:00', 1),
(67, 1, 6, '0000-00-00 00:00:00', 1),
(68, 1, 5, '0000-00-00 00:00:00', 1),
(69, 1, 2, '0000-00-00 00:00:00', 1),
(70, 1, 1, '0000-00-00 00:00:00', 1),
(71, 1, 13, '0000-00-00 00:00:00', 1),
(72, 1, 12, '0000-00-00 00:00:00', 1),
(73, 1, 49, '0000-00-00 00:00:00', 1),
(74, 1, 32, '0000-00-00 00:00:00', 1),
(75, 1, 20, '0000-00-00 00:00:00', 1),
(76, 1, 40, '0000-00-00 00:00:00', 1),
(77, 1, 18, '0000-00-00 00:00:00', 1),
(78, 1, 48, '0000-00-00 00:00:00', 1),
(79, 1, 52, '0000-00-00 00:00:00', 1),
(80, 1, 27, '0000-00-00 00:00:00', 1),
(81, 1, 24, '0000-00-00 00:00:00', 1),
(82, 1, 25, '0000-00-00 00:00:00', 1),
(83, 1, 36, '0000-00-00 00:00:00', 1),
(84, 1, 337, '0000-00-00 00:00:00', 1),
(85, 1, 50, '0000-00-00 00:00:00', 1),
(86, 1, 44, '0000-00-00 00:00:00', 1),
(87, 1, 42, '0000-00-00 00:00:00', 1),
(88, 1, 47, '0000-00-00 00:00:00', 1),
(89, 1, 16, '0000-00-00 00:00:00', 1),
(90, 1, 30, '0000-00-00 00:00:00', 1),
(91, 1, 33, '0000-00-00 00:00:00', 1),
(92, 1, 34, '0000-00-00 00:00:00', 1),
(93, 1, 35, '0000-00-00 00:00:00', 1),
(94, 1, 38, '0000-00-00 00:00:00', 1),
(95, 1, 39, '0000-00-00 00:00:00', 1),
(96, 1, 37, '0000-00-00 00:00:00', 1),
(97, 1, 45, '0000-00-00 00:00:00', 1),
(98, 1, 43, '0000-00-00 00:00:00', 1),
(99, 1, 17, '0000-00-00 00:00:00', 1),
(100, 1, 22, '0000-00-00 00:00:00', 1),
(101, 1, 19, '0000-00-00 00:00:00', 1),
(102, 1, 46, '0000-00-00 00:00:00', 1),
(103, 1, 26, '0000-00-00 00:00:00', 1),
(104, 1, 23, '0000-00-00 00:00:00', 1),
(105, 1, 28, '0000-00-00 00:00:00', 1),
(106, 1, 29, '0000-00-00 00:00:00', 1),
(107, 1, 54, '0000-00-00 00:00:00', 1),
(108, 1, 70, '0000-00-00 00:00:00', 1),
(109, 1, 69, '0000-00-00 00:00:00', 1),
(110, 1, 55, '0000-00-00 00:00:00', 1),
(111, 1, 58, '0000-00-00 00:00:00', 1),
(112, 1, 68, '0000-00-00 00:00:00', 1),
(113, 1, 57, '0000-00-00 00:00:00', 1),
(114, 1, 59, '0000-00-00 00:00:00', 1),
(115, 1, 64, '0000-00-00 00:00:00', 1),
(116, 1, 66, '0000-00-00 00:00:00', 1),
(117, 1, 67, '0000-00-00 00:00:00', 1),
(118, 1, 65, '0000-00-00 00:00:00', 1),
(119, 1, 63, '0000-00-00 00:00:00', 1),
(120, 1, 56, '0000-00-00 00:00:00', 1),
(121, 1, 60, '0000-00-00 00:00:00', 1),
(122, 1, 53, '0000-00-00 00:00:00', 1),
(123, 2, 156, '0000-00-00 00:00:00', 1),
(124, 2, 155, '0000-00-00 00:00:00', 1),
(125, 2, 159, '0000-00-00 00:00:00', 1),
(126, 2, 160, '0000-00-00 00:00:00', 1),
(127, 2, 161, '0000-00-00 00:00:00', 1),
(128, 2, 157, '0000-00-00 00:00:00', 1),
(129, 2, 158, '0000-00-00 00:00:00', 1),
(130, 2, 162, '0000-00-00 00:00:00', 1),
(131, 2, 153, '0000-00-00 00:00:00', 1),
(132, 2, 154, '0000-00-00 00:00:00', 1),
(133, 2, 152, '0000-00-00 00:00:00', 1);

-- --------------------------------------------------------

--
-- Table structure for table `dishes_in_orders`
--

CREATE TABLE IF NOT EXISTS `dishes_in_orders` (
  `id` bigint(20) unsigned NOT NULL AUTO_INCREMENT,
  `orderid` int(11) NOT NULL,
  `dishid` int(11) NOT NULL,
  `price` float(7,2) unsigned NOT NULL,
  `num` float unsigned NOT NULL,
  `note` text NOT NULL,
  PRIMARY KEY (`id`)
) ENGINE=InnoDB  DEFAULT CHARSET=utf8 AUTO_INCREMENT=8 ;

--
-- Dumping data for table `dishes_in_orders`
--

INSERT INTO `dishes_in_orders` (`id`, `orderid`, `dishid`, `price`, `num`, `note`) VALUES
(1, 8, 121, 200.00, 1, 'хочу в упаковке из макдака'),
(2, 8, 141, 150.00, 10, ''),
(3, 8, 211, 150.00, 10, ''),
(4, 8, 201, 1500.00, 3, ''),
(5, 8, 221, 1500.00, 3, ''),
(6, 8, 151, 150.00, 10, ''),
(7, 8, 131, 200.00, 1, 'хочу в упаковке из макдака');

-- --------------------------------------------------------

--
-- Table structure for table `hall`
--

CREATE TABLE IF NOT EXISTS `hall` (
  `id` int(10) unsigned NOT NULL AUTO_INCREMENT,
  `name` tinytext NOT NULL,
  `description` text NOT NULL,
  `countofperson` tinytext NOT NULL,
  `isactive` int(11) NOT NULL,
  PRIMARY KEY (`id`)
) ENGINE=InnoDB  DEFAULT CHARSET=utf8 AUTO_INCREMENT=6 ;

--
-- Dumping data for table `hall`
--

INSERT INTO `hall` (`id`, `name`, `description`, `countofperson`, `isactive`) VALUES
(1, 'Kaminniy zal', '', '20', 1),
(2, 'Verhniy zal', '', '100', 1);

-- --------------------------------------------------------

--
-- Table structure for table `menus`
--

CREATE TABLE IF NOT EXISTS `menus` (
  `id` int(11) NOT NULL AUTO_INCREMENT,
  `type_name` text NOT NULL,
  `createdate` datetime NOT NULL,
  `isactive` int(11) NOT NULL,
  `orderby` int(11) NOT NULL,
  PRIMARY KEY (`id`),
  UNIQUE KEY `id` (`id`)
) ENGINE=InnoDB  DEFAULT CHARSET=utf8 AUTO_INCREMENT=5 ;

--
-- Dumping data for table `menus`
--

INSERT INTO `menus` (`id`, `type_name`, `createdate`, `isactive`, `orderby`) VALUES
(1, 'Банкетное Меню', '2014-08-10 00:00:00', 1, 1),
(2, 'Фуршетное Меню', '2014-08-10 00:00:00', 1, 2),
(3, 'Меню Для Зала', '2014-08-10 00:00:00', 1, 3);

-- --------------------------------------------------------

--
-- Table structure for table `menu_sections`
--

CREATE TABLE IF NOT EXISTS `menu_sections` (
  `id` int(11) NOT NULL AUTO_INCREMENT,
  `section_name` text NOT NULL,
  `level` int(11) NOT NULL,
  `parent_id` int(11) NOT NULL,
  `sortid` int(11) NOT NULL,
  PRIMARY KEY (`id`),
  UNIQUE KEY `id` (`id`)
) ENGINE=InnoDB  DEFAULT CHARSET=utf8 AUTO_INCREMENT=63 ;

--
-- Dumping data for table `menu_sections`
--

INSERT INTO `menu_sections` (`id`, `section_name`, `level`, `parent_id`, `sortid`) VALUES
(1, ' СПЕЦИАЛЬНЫЕ БАНКЕТНЫЕ БЛЮДА И ЗАКУСКИ  ОТ ШЕФ-ПОВАРА РЕСТОРАНА "ВРЕМЕНА ГОДА"', 1, 59, 0),
(2, 'ХОЛОДНЫЕ ЗАКУСКИ', 1, 59, 0),
(3, 'САЛАТЫ', 1, 59, 0),
(4, 'ГОРЯЧИЕ ЗАКУСКИ', 1, 59, 0),
(5, 'ГОРЯЧИЕ БЛЮДА ИЗ РЫБЫ', 1, 59, 0),
(6, 'ГОРЯЧИЕ БЛЮДА ИЗ МЯСА', 1, 59, 0),
(7, 'ГОРЯЧИЕ БЛЮДА ИЗ ПТИЦЫ', 1, 59, 0),
(8, 'ГОРЯЧИЕ БЛЮДА ИЗ ДИЧИ', 1, 59, 0),
(9, 'БЛЮДА НА МАНГАЛЕ', 1, 59, 0),
(10, 'ШАШЛЫК', 1, 59, 0),
(11, 'ГАРНИРЫ', 1, 59, 0),
(12, 'ДОМАШНЯЯ ВЫПЕЧКА', 1, 59, 0),
(13, 'ПИРОЖКИ ПЕЧЁНЫЕ', 2, 12, 0),
(14, 'ПИРОЖКИ СЛОЕНЫЕ', 2, 12, 0),
(15, 'ТОРТЫ И ПИРОЖНЫЕ НА ЗАКАЗ от Шефа-Кондитера ресторана " Времена Года"', 1, 59, 0),
(16, 'СЫР И ДЕСЕРТЫ', 1, 59, 0),
(17, 'Сорбеты и мороженое "Movenpick"""', 1, 59, 0),
(18, 'Шампанское, Просекко  и Игристые Вина', 1, 60, 0),
(19, 'БЕЗАЛКОГОЛЬНЫЕ НАПИТКИ ', 0, 0, 3),
(20, ' БЕЗАЛКОГОЛЬНЫЕ КОКТЕЙЛИ', 2, 19, 0),
(21, 'ПИВО БУТЫЛОЧНОЕ /РАЗЛИВНОЕ ', 1, 60, 0),
(22, 'КОКТЕЙЛИ ', 1, 60, 0),
(23, 'АППЕРИТИВЫ ', 1, 60, 0),
(24, 'ПОРТО ', 1, 60, 0),
(25, 'ЛИКЕРЫ ', 1, 60, 0),
(26, 'ДЖИН/ВОДКА', 1, 60, 0),
(27, 'ТЕКИЛА', 1, 60, 0),
(28, 'РОМ ', 1, 60, 0),
(29, 'ВИСКИ', 1, 60, 0),
(30, 'КОНЬЯК', 1, 60, 0),
(31, 'АРМЯНСКИЕ', 1, 60, 0),
(32, 'КОФЕ ', 1, 19, 0),
(33, 'ЧАЙ в чайнике  ', 1, 19, 0),
(34, 'БЕЛОЕ ВИНО', 1, 61, 0),
(35, 'Франция', 2, 34, 0),
(36, 'Италия', 2, 34, 0),
(37, 'Испания', 2, 34, 0),
(38, 'Чили', 2, 34, 0),
(39, 'РОЗОВОЕ ВИНО', 1, 61, 0),
(40, 'ДЕСЕРТНОЕ ВИНО', 1, 61, 0),
(41, 'КРАСНОЕ ВИНО', 1, 61, 0),
(42, 'Франция', 2, 41, 0),
(43, 'Италия', 2, 41, 0),
(44, 'Испания ', 2, 41, 0),
(45, 'Чили ', 2, 41, 0),
(46, 'Аргентина ', 2, 41, 0),
(47, 'ЮАР', 2, 41, 0),
(48, 'СВЕЖЕВЫЖАТЫЙ СОК ', 2, 19, 0),
(49, 'СОКИ', 2, 19, 0),
(50, 'ДОМАШНИЙ ЛИМОНАД ', 2, 19, 0),
(51, 'Черный', 2, 33, 0),
(52, 'Зелёный чай ', 2, 33, 0),
(53, 'Белый чай ', 2, 33, 0),
(54, 'Фруктовый чай ', 2, 33, 0),
(55, 'Мятный чай', 2, 33, 0),
(56, 'Мини-пирожные', 2, 15, 0),
(57, 'Мини-эклеры', 2, 15, 0),
(58, 'Мини-пирожные', 2, 15, 0),
(59, 'БЛЮДА', 0, 0, 0),
(60, 'СПИРТНЫЕ НАПИТКИ', 0, 0, 1),
(61, 'ВИННАЯ КАРТА', 0, 0, 2),
(62, 'ВОДА', 1, 19, 0);

-- --------------------------------------------------------

--
-- Table structure for table `menu_types`
--

CREATE TABLE IF NOT EXISTS `menu_types` (
  `id` int(11) NOT NULL AUTO_INCREMENT,
  `type_name` text NOT NULL,
  PRIMARY KEY (`id`),
  UNIQUE KEY `id` (`id`)
) ENGINE=InnoDB DEFAULT CHARSET=utf8 AUTO_INCREMENT=1 ;

-- --------------------------------------------------------

--
-- Table structure for table `orders`
--

CREATE TABLE IF NOT EXISTS `orders` (
  `id` int(10) unsigned NOT NULL AUTO_INCREMENT,
  `creatorid` int(10) unsigned NOT NULL,
  `createdate` datetime NOT NULL,
  `clientid` int(10) unsigned NOT NULL,
  `eventdate` date NOT NULL,
  `eventtime` time NOT NULL,
  `guestcount` int(10) unsigned NOT NULL,
  `status` tinyint(1) unsigned NOT NULL,
  `managerid` int(10) NOT NULL,
  `hallid` int(10) unsigned NOT NULL,
  PRIMARY KEY (`id`)
) ENGINE=InnoDB  DEFAULT CHARSET=utf8 AUTO_INCREMENT=9 ;

--
-- Dumping data for table `orders`
--

INSERT INTO `orders` (`id`, `creatorid`, `createdate`, `clientid`, `eventdate`, `eventtime`, `guestcount`, `status`, `managerid`, `hallid`) VALUES
(1, 1, '2014-08-01 00:00:00', 1, '2014-09-05', '00:00:00', 0, 1, 0, 1),
(2, 1, '2014-08-02 00:00:00', 2, '2014-09-06', '00:00:00', 0, 2, 1, 2),
(3, 2, '2014-08-03 00:00:00', 3, '2014-09-07', '00:00:00', 0, 4, 2, 1),
(4, 2, '2014-08-01 00:00:00', 4, '2014-09-08', '00:00:00', 0, 1, 2, 1),
(5, 1, '2014-08-02 00:00:00', 2, '2014-09-20', '00:00:00', 0, 2, 1, 2),
(7, 1, '2014-08-20 00:00:00', 3, '2020-08-20', '19:30:00', 0, 2, 1, 1),
(8, 1, '2014-08-20 00:00:00', 6, '2023-08-20', '20:00:00', 2, 2, 1, 2);

-- --------------------------------------------------------

--
-- Table structure for table `services`
--

CREATE TABLE IF NOT EXISTS `services` (
  `id` int(10) unsigned NOT NULL AUTO_INCREMENT,
  `name` tinytext NOT NULL,
  `description` text NOT NULL,
  `price` float(7,2) unsigned NOT NULL,
  `byguestcount` tinyint(1) unsigned NOT NULL DEFAULT '0',
  `createdate` datetime NOT NULL,
  `isactive` tinyint(1) unsigned NOT NULL DEFAULT '1',
  `orderby` int(11) NOT NULL,
  PRIMARY KEY (`id`)
) ENGINE=InnoDB  DEFAULT CHARSET=utf8 AUTO_INCREMENT=8 ;

--
-- Dumping data for table `services`
--

INSERT INTO `services` (`id`, `name`, `description`, `price`, `byguestcount`, `createdate`, `isactive`, `orderby`) VALUES
(1, 'Музыкальная программа Диджей', '', 40000.00, 0, '2014-08-14 00:00:00', 1, 0),
(2, 'Аренда зала (100 руб с человека)', '', 100.00, 1, '2014-08-14 00:00:00', 0, 0),
(3, 'Аренда сцены (свет и мощность подключения)', '', 20000.00, 0, '2014-08-14 00:00:00', 1, 0),
(4, 'Аренда балкона', '', 20000.00, 0, '2014-08-14 00:00:00', 1, 0),
(5, 'Аренда зала после 24 часов (в час) 20000 рублей', '', 20000.00, 0, '2014-08-14 00:00:00', 1, 0),
(6, 'Аренда зала', '100 руб с человека', 100.00, 0, '2014-08-17 11:29:13', 0, 0),
(7, 'Аренда зала', '100 руб с человека', 100.00, 1, '2014-08-17 11:31:42', 1, 0);

-- --------------------------------------------------------

--
-- Table structure for table `services_in_orders`
--

CREATE TABLE IF NOT EXISTS `services_in_orders` (
  `id` bigint(20) unsigned NOT NULL AUTO_INCREMENT,
  `orderid` int(10) unsigned NOT NULL,
  `serviceid` int(10) unsigned NOT NULL,
  `price` float(7,2) unsigned NOT NULL,
  `discont` int(3) unsigned NOT NULL DEFAULT '0',
  `num` float unsigned NOT NULL,
  `comment` text CHARACTER SET latin1 NOT NULL,
  PRIMARY KEY (`id`)
) ENGINE=InnoDB  DEFAULT CHARSET=utf8 COMMENT='заказы услуг' AUTO_INCREMENT=3 ;

--
-- Dumping data for table `services_in_orders`
--

INSERT INTO `services_in_orders` (`id`, `orderid`, `serviceid`, `price`, `discont`, `num`, `comment`) VALUES
(1, 8, 4, 20000.00, 80, 1, ''),
(2, 8, 7, 100.00, 100, 2, '');

-- --------------------------------------------------------

--
-- Table structure for table `users`
--

CREATE TABLE IF NOT EXISTS `users` (
  `id` int(10) unsigned NOT NULL AUTO_INCREMENT,
  `login` tinytext COLLATE utf8_unicode_ci NOT NULL,
  `pass` tinytext COLLATE utf8_unicode_ci NOT NULL,
  `realname` tinytext COLLATE utf8_unicode_ci NOT NULL,
  `role` tinyint(1) unsigned NOT NULL DEFAULT '1',
  `isactive` tinyint(1) NOT NULL DEFAULT '1',
  PRIMARY KEY (`id`)
) ENGINE=InnoDB  DEFAULT CHARSET=utf8 COLLATE=utf8_unicode_ci AUTO_INCREMENT=7 ;

--
-- Dumping data for table `users`
--

INSERT INTO `users` (`id`, `login`, `pass`, `realname`, `role`, `isactive`) VALUES
(1, 'aabogachev@gmail.com', 'd41d8cd98f00b204e9800998ecf8427e', 'Bogachev', 5, 1),
(2, 'petervolok@yandex.ru', '827ccb0eea8a706c4c34a16891f84e7b', 'PVolok', 5, 1),
(3, 'igor_pronin@mail.ru', '6c14da109e294d1e8155be8aa4b1ce8e', 'Pronin', 5, 1),
(4, 'eee@yandex.ru', '3d2172418ce305c7d16d4b05597c6a59', 'qqq', 2, 0),
(5, '123@123.com', 'b0baee9d279d34fa1dfd71aadb908c3f', 'user1', 1, 0),
(6, '123@123.com', '3d2172418ce305c7d16d4b05597c6a59', 'user1', 1, 0);

/*!40101 SET CHARACTER_SET_CLIENT=@OLD_CHARACTER_SET_CLIENT */;
/*!40101 SET CHARACTER_SET_RESULTS=@OLD_CHARACTER_SET_RESULTS */;
/*!40101 SET COLLATION_CONNECTION=@OLD_COLLATION_CONNECTION */;
